hrsn_measure,disease,acs_proxy,cms_outcome,primary_beta,primary_se,primary_pvalue,v3_beta,v3_se,v3_pvalue,same_direction,inflation_ratio,v2_beta,v2_same_direction
loneliness,diabetes,pct_living_alone,cms_diabetes_prev,-0.0667,,0.0134931109880095,-0.0856,0.0202,2.205921715283755e-05,True,0.7792056074766355,0.2225,False
loneliness,depression,pct_living_alone,cms_depression_prev,0.086,,0.2025393147903587,-0.0172,0.0306,0.5746095720567854,False,,0.2594,True
loneliness,casthma,pct_living_alone,cms_asthma_prev,-0.0553,,0.3695209982854353,-0.0909,0.031,0.0033229452606554,True,0.6083608360836085,0.2097,False
loneliness,obesity,pct_living_alone,cms_obesity_prev,-0.3809,,6.368249827029981e-22,-0.1122,0.0235,1.8017699404467765e-06,True,3.394830659536542,0.2762,False
loneliness,chd,pct_living_alone,cms_chd_prev,-0.2188,,1.0970058763493372e-60,-0.1111,0.0253,1.0943911542040671e-05,True,1.9693969396939692,0.3121,False
loneliness,copd,pct_living_alone,cms_copd_prev,-0.136,,2.4594937136263577e-18,0.0562,0.0242,0.020478657973233,False,2.419928825622776,0.2696,False
loneliness,stroke,pct_living_alone,cms_stroke_prev,-0.1328,,1.4099120176025074e-14,-0.0906,0.0247,0.0002535846043263,True,1.465783664459161,0.3098,False
foodstamp,diabetes,pct_snap,cms_diabetes_prev,0.5013,,9.899217160816015e-116,0.1987,0.0478,3.24274242533866e-05,True,2.5228988424760947,0.0931,True
foodstamp,depression,pct_snap,cms_depression_prev,0.2496,,1.673795527146644e-09,0.2114,0.0618,0.0006317077455624,True,1.1807000946073793,-0.0331,False
foodstamp,casthma,pct_snap,cms_asthma_prev,0.6438,,6.371916487766494e-42,0.2718,0.0416,6.347014509222999e-11,True,2.3686534216335544,0.2489,True
foodstamp,obesity,pct_snap,cms_obesity_prev,0.2086,,2.89091620028156e-13,0.1564,0.0432,0.0002937840600125,True,1.3337595907928388,0.1625,True
foodstamp,chd,pct_snap,cms_chd_prev,0.4127,,8.578430175163425e-93,0.0343,0.0472,0.4679504542326644,True,,-0.0725,False
foodstamp,copd,pct_snap,cms_copd_prev,0.5427,,1.9120569330765884e-134,0.2884,0.0401,6.630531145265211e-13,True,1.881761442441054,0.1627,True
foodstamp,stroke,pct_snap,cms_stroke_prev,0.5395,,9.206592998093536e-228,0.0511,0.0388,0.188475472251234,True,,-0.019,False
foodinsecu,diabetes,pct_snap,cms_diabetes_prev,0.7325,,9.534322913263735e-303,0.1987,0.0478,3.24274242533866e-05,True,3.686462003019628,0.1477,True
foodinsecu,depression,pct_snap,cms_depression_prev,-0.0516,,0.5565202393000057,0.2114,0.0618,0.0006317077455624,False,0.24408703878902555,-0.2173,True
foodinsecu,casthma,pct_snap,cms_asthma_prev,0.3473,,5.900550658344958e-08,0.2718,0.0416,6.347014509222999e-11,True,1.277777777777778,0.1543,True
foodinsecu,obesity,pct_snap,cms_obesity_prev,0.2198,,0.0019001917945385,0.1564,0.0432,0.0002937840600125,True,1.4053708439897696,-0.1344,False
foodinsecu,chd,pct_snap,cms_chd_prev,0.4652,,1.511754283730579e-42,0.0343,0.0472,0.4679504542326644,True,,0.2388,True
foodinsecu,copd,pct_snap,cms_copd_prev,0.6189,,3.2059514525811674e-42,0.2884,0.0401,6.630531145265211e-13,True,2.145977808599168,0.0997,True
foodinsecu,stroke,pct_snap,cms_stroke_prev,0.6595,,1.0884220027058916e-109,0.0511,0.0388,0.188475472251234,True,,0.2343,True
housinsecu,diabetes,pct_rent_burden,cms_diabetes_prev,0.569,,8.460939593268149e-106,0.0481,0.0201,0.0168789206228933,True,,0.1373,True
housinsecu,depression,pct_rent_burden,cms_depression_prev,-0.0359,,0.6723480747276727,0.2865,0.0255,2.2274638051809115e-29,False,0.12530541012216406,-0.1475,True
housinsecu,casthma,pct_rent_burden,cms_asthma_prev,0.5461,,1.7116673712724732e-16,0.2323,0.0253,4.150096078266078e-20,True,2.350839431769264,0.2707,True
housinsecu,obesity,pct_rent_burden,cms_obesity_prev,0.2096,,0.0019712484639697,0.1746,0.0217,8.49483909974327e-16,True,1.2004581901489118,-0.2021,False
housinsecu,chd,pct_rent_burden,cms_chd_prev,0.3197,,1.0933775279182092e-24,0.0461,0.0242,0.0563178334359269,True,,0.1925,True
housinsecu,copd,pct_rent_burden,cms_copd_prev,0.5291,,9.43499472381804e-45,0.1066,0.0226,2.3173555416208116e-06,True,4.963414634146342,0.2751,True
housinsecu,stroke,pct_rent_burden,cms_stroke_prev,0.5357,,7.111201345997931e-69,0.11,0.026,2.3883947769670977e-05,True,4.869999999999999,0.3209,True
lacktrpt,diabetes,pct_no_vehicle,cms_diabetes_prev,0.5064,,1.0334883327652574e-228,0.0028,0.0586,0.9624963982509366,True,,-0.1284,False
lacktrpt,depression,pct_no_vehicle,cms_depression_prev,0.2377,,7.09570050916188e-10,-0.0579,0.0607,0.3402490249830137,False,,-0.394,False
lacktrpt,casthma,pct_no_vehicle,cms_asthma_prev,0.5822,,3.811189029041051e-53,0.063,0.0356,0.0769760715812025,True,,0.0932,True
lacktrpt,obesity,pct_no_vehicle,cms_obesity_prev,0.2427,,2.6751480193340415e-19,-0.0628,0.0331,0.0580676374177714,False,,-0.2989,False
lacktrpt,chd,pct_no_vehicle,cms_chd_prev,0.3635,,3.6656221250763636e-155,-0.0769,0.0517,0.1373157558951921,False,,-0.2664,False
lacktrpt,copd,pct_no_vehicle,cms_copd_prev,0.5516,,8.715895903869317e-195,0.0499,0.0361,0.1676274030221956,True,,-0.1028,False
lacktrpt,stroke,pct_no_vehicle,cms_stroke_prev,0.5446,,1.2221762715102084e-243,0.0573,0.0373,0.1240115638469925,True,,-0.0298,False
emotionspt,diabetes,pct_living_alone,cms_diabetes_prev,0.0683,,0.0075873065548048,-0.0856,0.0202,2.205921715283755e-05,False,0.7978971962616823,0.0587,True
emotionspt,depression,pct_living_alone,cms_depression_prev,-0.443,,3.0963270699066942e-09,-0.0172,0.0306,0.5746095720567854,True,,-0.09,True
emotionspt,casthma,pct_living_alone,cms_asthma_prev,-0.2185,,0.0002282340796131,-0.0909,0.031,0.0033229452606554,True,2.4037403740374037,0.0269,False
emotionspt,obesity,pct_living_alone,cms_obesity_prev,-0.4796,,3.822415645243498e-20,-0.1122,0.0235,1.8017699404467765e-06,True,4.274509803921569,-0.1795,True
emotionspt,chd,pct_living_alone,cms_chd_prev,-0.1384,,1.625402625822163e-14,-0.1111,0.0253,1.0943911542040671e-05,True,1.2457245724572457,0.2793,False
emotionspt,copd,pct_living_alone,cms_copd_prev,-0.1113,,2.7392422113091125e-05,0.0562,0.0242,0.020478657973233,False,1.980427046263345,0.0477,False
emotionspt,stroke,pct_living_alone,cms_stroke_prev,0.0191,,0.2042302688453114,-0.0906,0.0247,0.0002535846043263,False,0.2108167770419426,0.2119,True
