hrsn_measure,hrsn_label,outcome,outcome_label,odds_ratio,or_lower,or_upper,coef,se,pvalue,n_obs,n_cases,significant_05,significant_001
foodinsecu,Food insecurity,diabetes,Diabetes,1.401,1.237,1.587,0.3375,0.0636,1.0994042698471748e-07,182347,25772,True,True
foodinsecu,Food insecurity,depression,Depression,2.162,1.954,2.392,0.7711,0.0516,1.6919275889982122e-50,181843,38876,True,True
foodinsecu,Food insecurity,casthma,Asthma,1.67,1.489,1.872,0.5126,0.0584,1.7005893159173697e-18,182053,27484,True,True
foodinsecu,Food insecurity,obesity,Obesity,1.249,1.131,1.379,0.2224,0.0506,1.0895371618378439e-05,175360,60702,True,True
foodinsecu,Food insecurity,chd,Coronary heart disease,1.855,1.461,2.355,0.6177,0.1218,3.9853457362485184e-07,181078,10169,True,True
foodinsecu,Food insecurity,copd,COPD,1.967,1.722,2.246,0.6764,0.0678,1.992931674597697e-23,181965,14153,True,True
foodinsecu,Food insecurity,stroke,Stroke,1.983,1.583,2.483,0.6845,0.1148,2.518070464887466e-09,182126,7725,True,True
foodstamp,Food stamps/SNAP,diabetes,Diabetes,1.463,1.326,1.613,0.3802,0.0501,3.198416331754916e-14,182863,25858,True,True
foodstamp,Food stamps/SNAP,depression,Depression,1.675,1.55,1.811,0.516,0.0399,2.376070443259801e-38,182354,38956,True,True
foodstamp,Food stamps/SNAP,casthma,Asthma,1.601,1.471,1.742,0.4705,0.043,8.001266793780301e-28,182572,27547,True,True
foodstamp,Food stamps/SNAP,obesity,Obesity,1.384,1.283,1.492,0.3247,0.0383,2.456795311394714e-17,175837,60824,True,True
foodstamp,Food stamps/SNAP,chd,Coronary heart disease,1.435,1.224,1.683,0.3614,0.0813,8.855112993923548e-06,181584,10200,True,True
foodstamp,Food stamps/SNAP,copd,COPD,1.906,1.689,2.151,0.645,0.0616,1.1766036936465534e-25,182485,14204,True,True
foodstamp,Food stamps/SNAP,stroke,Stroke,1.534,1.304,1.805,0.4281,0.0829,2.448680175657541e-07,182643,7753,True,True
housinsecu,Housing insecurity,diabetes,Diabetes,1.416,1.284,1.562,0.3477,0.05,3.542447650960226e-12,182396,25784,True,True
housinsecu,Housing insecurity,depression,Depression,2.108,1.961,2.266,0.7457,0.0369,7.684984103801694e-91,181885,38863,True,True
housinsecu,Housing insecurity,casthma,Asthma,1.612,1.476,1.761,0.4776,0.0449,2.039652651409771e-26,182100,27467,True,True
housinsecu,Housing insecurity,obesity,Obesity,1.334,1.245,1.429,0.2883,0.0351,2.1176922155490443e-16,175406,60699,True,True
housinsecu,Housing insecurity,chd,Coronary heart disease,1.982,1.663,2.362,0.6839,0.0895,2.2145608761017612e-14,181116,10180,True,True
housinsecu,Housing insecurity,copd,COPD,2.086,1.866,2.332,0.7353,0.0569,3.2161269886668e-38,182015,14162,True,True
housinsecu,Housing insecurity,stroke,Stroke,1.911,1.61,2.269,0.6477,0.0876,1.4291822912016843e-13,182174,7739,True,True
shututility,Utility shutoff threat,diabetes,Diabetes,1.41,1.268,1.568,0.3437,0.0541,2.0674911539421362e-10,182278,25794,True,True
shututility,Utility shutoff threat,depression,Depression,2.024,1.866,2.195,0.7051,0.0415,9.273177157637397e-65,181768,38857,True,True
shututility,Utility shutoff threat,casthma,Asthma,1.589,1.452,1.738,0.4628,0.0459,6.889463545472881e-24,181986,27480,True,True
shututility,Utility shutoff threat,obesity,Obesity,1.386,1.283,1.497,0.3263,0.0395,1.5243314231835454e-16,175299,60680,True,True
shututility,Utility shutoff threat,chd,Coronary heart disease,2.076,1.663,2.593,0.7306,0.1134,1.1575999877998163e-10,181003,10179,True,True
shututility,Utility shutoff threat,copd,COPD,2.117,1.886,2.375,0.7498,0.0588,2.9459741604300745e-37,181901,14166,True,True
shututility,Utility shutoff threat,stroke,Stroke,1.83,1.477,2.268,0.6044,0.1094,3.320356231777342e-08,182059,7728,True,True
lacktrpt,Transportation barriers,diabetes,Diabetes,1.42,1.273,1.583,0.3504,0.0555,2.7218883686516676e-10,182002,25777,True,True
lacktrpt,Transportation barriers,depression,Depression,2.373,2.185,2.576,0.864,0.042,4.027162753854805e-94,181495,38805,True,True
lacktrpt,Transportation barriers,casthma,Asthma,1.806,1.642,1.986,0.5912,0.0486,4.169369054775494e-34,181709,27438,True,True
lacktrpt,Transportation barriers,obesity,Obesity,1.043,0.96,1.133,0.0424,0.0423,0.315833656970805,175037,60587,False,False
lacktrpt,Transportation barriers,chd,Coronary heart disease,1.965,1.609,2.399,0.6753,0.102,3.59802236018229e-11,180725,10156,True,True
lacktrpt,Transportation barriers,copd,COPD,2.228,1.978,2.511,0.8012,0.0609,1.5250198964143777e-39,181624,14142,True,True
lacktrpt,Transportation barriers,stroke,Stroke,2.26,1.891,2.702,0.8154,0.0911,3.471678476437783e-19,181784,7720,True,True
emotionspt,Lack of social support,diabetes,Diabetes,1.19,1.046,1.353,0.1738,0.0657,0.008137255474129858,181956,25664,True,False
emotionspt,Lack of social support,depression,Depression,2.042,1.878,2.221,0.7141,0.0427,1.0429827974005784e-62,181465,38928,True,True
emotionspt,Lack of social support,casthma,Asthma,1.299,1.174,1.438,0.2618,0.0517,4.1624539278886253e-07,181660,27501,True,True
emotionspt,Lack of social support,obesity,Obesity,0.994,0.916,1.08,-0.0056,0.0422,0.8952047131539651,174966,60574,False,False
emotionspt,Lack of social support,chd,Coronary heart disease,1.31,1.076,1.595,0.2702,0.1003,0.007038292011293738,180715,10138,True,False
emotionspt,Lack of social support,copd,COPD,1.534,1.344,1.751,0.428,0.0674,2.1075022852923998e-10,181580,14115,True,True
emotionspt,Lack of social support,stroke,Stroke,1.353,1.104,1.659,0.3026,0.1038,0.0035446522117554445,181729,7687,True,False
loneliness,Loneliness/Social isolation,diabetes,Diabetes,1.291,1.14,1.461,0.2553,0.0633,5.432357277369694e-05,182889,25831,True,True
loneliness,Loneliness/Social isolation,depression,Depression,4.341,3.99,4.722,1.468,0.0429,4.7939534988458986e-256,182388,38968,True,True
loneliness,Loneliness/Social isolation,casthma,Asthma,1.513,1.383,1.655,0.414,0.0457,1.380209935112413e-19,182594,27566,True,True
loneliness,Loneliness/Social isolation,obesity,Obesity,1.093,1.008,1.186,0.0891,0.0416,0.03212769799982096,175887,60846,True,False
loneliness,Loneliness/Social isolation,chd,Coronary heart disease,1.984,1.643,2.395,0.6849,0.0961,1.0423263845424327e-12,181619,10206,True,True
loneliness,Loneliness/Social isolation,copd,COPD,2.109,1.859,2.393,0.7462,0.0644,4.703331053655356e-31,182505,14184,True,True
loneliness,Loneliness/Social isolation,stroke,Stroke,1.716,1.463,2.013,0.5402,0.0815,3.3237680245713863e-11,182669,7741,True,True
