mmsa_code,mmsa_total_pop,mmsa_n_tracts,mmsa_loneliness,mmsa_foodstamp,mmsa_foodinsecu,mmsa_housinsecu,mmsa_shututility,mmsa_lacktrpt,mmsa_emotionspt
10220,38116,11,33.757466680659036,14.091570469094345,17.384541924651064,13.076692202749502,9.822308217021723,9.624449050267604,25.066557351243574
10300,99263,25,31.919932905513633,14.22554325378036,14.943643653727976,11.31428125283338,8.229817756868119,8.183743187290329,22.469307798474762
10420,700578,176,34.20710484771146,13.144823131756919,14.98318802474528,11.829268832307038,8.913163559232517,8.30148805700436,20.97806711030035
10460,66974,20,34.52455430465554,20.780095260847496,23.627007495445994,17.944797981306177,13.12634903096724,12.459233433869858,24.48289634783647
10500,147716,47,39.29045262530802,25.483423596631372,26.734554821414065,20.892402312545695,15.148418587018334,14.223964228654983,27.113815023423324
10580,900249,249,33.35235473741154,11.863822342485244,13.0395302855099,11.4337131171487,7.217504712585074,7.530054240549004,23.294316017013067
10620,62723,17,32.335722143392374,13.505669371681838,15.759427961035028,11.962414106468122,8.32359421583789,8.671595746376926,22.796203944326646
10660,30857,10,29.922643160385004,10.130933013578767,13.747191885147616,10.280723984833262,6.401331950610882,7.846057620637132,21.886320770003568
10700,97923,26,36.478080736905525,13.533005524749038,19.13662163128172,13.27072904220663,8.763707198513117,9.653835156194152,24.08653840262247
10740,913685,230,34.10366012356556,15.709562595424021,19.677505814367095,16.03019541745788,10.677860531802535,10.400671785133827,23.98528628575494
10760,41251,12,35.60518775302417,15.601347846112823,20.56901893287435,14.491886257302854,10.07841264454195,10.284257351336935,25.666073549732126
10780,151721,45,38.542822022000905,21.91588771495047,24.427623730399883,17.819145668694514,13.765742382399273,12.39940087397262,29.511154685244623
10820,39081,11,28.190668099588034,7.161352063662649,9.925250121542437,8.020567539213427,5.115695606560732,6.225912847675341,19.742734321025562
10900,109739,23,32.91378725885966,7.044326082796453,11.603440891569997,10.19496259306172,6.044145654689764,6.475790739846363,22.60170222072372
10940,37735,9,33.45530409434212,14.956128262885915,15.275449847621571,11.336228965151715,8.42882999867497,8.287430767192262,22.22815953358951
10980,28911,10,31.331437861021755,16.50410224482031,15.797125661512922,11.07975511051157,8.738303759814604,8.460316142644668,21.869911106499256
11060,24776,8,32.765567484662576,18.142694543106234,21.39947529867614,15.877030190506941,11.677022118178884,10.645160639328383,25.18778253148208
11140,33943,10,38.5307986919247,22.107480187372946,24.642400494947417,19.362001001679285,13.297970126388357,12.810093391862829,26.56365966473205
11180,120239,33,33.873603406548625,10.204532639160341,12.33451625512521,9.093216011443875,6.520974059997172,7.923137251640482,21.67014113557165
11200,153199,34,36.28124857211861,11.88595748014021,10.356025169877087,9.044958518005991,6.1192403344669355,7.377493978420224,22.645795338089677
11220,49624,16,33.72374858939223,16.612040544897628,18.20066097049815,14.606440432049009,8.98873327422215,9.280779461550862,24.717152990488472
11260,399335,84,33.66919678966281,10.061102332627993,13.687161906669841,12.376006610990771,8.248214406450725,8.856214206117668,25.004282870271823
11360,134718,28,33.83728158078357,14.548484241155597,17.400542614943806,14.091580189729658,9.55194999925771,9.611810596950667,23.90512700604225
11420,34507,9,32.273680702466166,6.9459124235662335,12.345784913206016,9.365178079809892,6.815646100791143,6.761448401773553,22.203578983974264
11460,368617,103,31.533286582007882,12.10558167420385,13.072769025845256,9.932276319323307,7.506039330795923,8.035910714915483,19.341637797497132
11500,116162,35,36.70877911881682,16.749263958953875,21.663419190440937,14.75069988464386,10.42397599903583,11.02096296551368,25.212544549852794
11540,242972,58,30.851502230709716,10.692190458159788,10.502520455031856,8.68880488286716,4.930640156067366,5.999912335577762,19.2072843784469
11620,48202,16,32.68408987178955,16.94651051823576,19.623036388531595,14.174308119995022,10.831594124725115,10.019073897348658,25.27093896518817
11660,21469,6,36.39648795938329,13.724705389165777,20.9091108109367,15.598262611206856,11.762727653826447,11.582910242675485,28.69932926545251
11680,34661,11,31.95000721271747,9.105830760797437,15.118704018926172,12.386696863910446,9.169458469172845,8.206748218458786,22.00096073396613
11700,407332,101,29.8883932516964,9.996574538705527,12.214231143146131,9.581861724588297,6.456245028625298,6.959714434417135,19.954823092710615
11740,52522,12,33.87124823883325,11.856323064620542,13.917038574311714,10.511524694413769,7.786163893225697,7.623727200030463,20.66663302996839
11860,16309,5,32.22539702005028,8.247409405849531,13.497032313446562,11.07890735176896,8.482334907106507,7.734686369489238,21.444037034766083
11900,61276,15,38.180462171159995,17.64588419609635,18.636053267184543,13.19310986356812,10.638475096285658,11.423459429466675,21.781485410274822
12020,216194,58,37.41441298093379,14.63547693275484,17.342034006494167,13.633694274586711,9.246021628722351,10.243707965993506,22.57431103545889
12060,6109290,1500,37.50612845355189,13.74466504291006,17.263496609262287,15.047380726729294,9.694928346829174,9.426384277060018,24.656855510214772
12100,369795,105,31.690013926635025,11.115880690652927,16.30152273556971,13.204802931353859,8.139484038453737,8.630816263064672,24.09126299706594
12140,43312,9,32.95823790173624,7.4884350757295906,12.96864379386775,10.026793960103436,7.3693041189508675,6.933355652013299,23.732499076468418
12180,76171,24,34.01030313373857,15.349836551968595,15.729899830644207,12.8420422470494,8.217549986215227,8.608490107783803,24.367425923251634
12220,194324,60,35.4248023918816,15.827546777546779,20.68847543278236,14.978397933348429,10.718774315061443,11.51110619377946,24.47506689858175
12260,612898,145,35.265011796416374,16.444269356401882,20.31025929273713,16.29462226993725,11.07252169202706,10.593113046542818,25.465330609660988
12300,124003,36,30.504292638081335,16.12030515390757,11.87641750602808,11.048431086344683,8.099962904123286,8.459343725555026,23.18263509753796
12380,40082,11,30.655531161119704,11.687625367995608,15.639701112718923,11.619682151589242,7.259493039269498,8.772234419440148,23.135978743575667
12460,29063,8,39.55409971441352,25.07078759935313,27.13490348553143,20.943109795960503,14.786374427966832,13.848336372707564,27.06640401885559
12540,892707,232,37.29018759794648,28.168862235873583,28.713276920646976,22.928789065169198,12.925327907140863,14.905188712533901,29.839643130388804
12580,2833749,707,34.82961698442593,13.681362816537387,16.135188014181917,13.996185477259983,9.083797894591228,8.489114738108421,24.328959586752394
12620,152640,46,35.002156053459125,16.82097877358491,12.207196671907758,10.284975759958073,8.104586609014675,9.117185534591194,23.70098794549266
12660,65664,24,30.439520894249515,12.3416636208577,11.770435855263159,9.437536549707604,5.3900904605263165,6.519814510233918,19.287880726120857
12700,229436,56,30.397468139263236,10.525102425077147,8.993718073885528,7.9716809916490865,5.556867274534074,5.744401924719747,21.26008908802455
12780,52579,14,32.32147435287853,16.12283040757717,17.864586622035414,13.068455086631547,10.199707107400293,9.579313033720688,24.045012267254986
12860,57875,17,31.790382721382286,11.553579265658747,12.713670842332613,11.094674730021598,6.74089848812095,7.19511879049676,23.32915766738661
12900,37910,10,34.48123186494329,11.947852809285148,18.981986283302557,13.886829332629912,10.114273278818253,9.83509100501187,27.307739382748615
12940,869755,213,35.80707843013263,19.20913441141471,22.212227696305284,17.017412949623743,12.725951331121983,11.566678547407028,28.352552500416788
12980,134011,40,33.71176395967495,19.061524800202967,18.789262075501263,13.81831491444732,10.631180276245981,9.839254986530955,24.164183537172324
13020,103752,27,31.4471615005012,14.262303377284294,14.843009291387155,10.87525927211042,8.178531498187985,7.918614580923742,21.950955162310123
13100,21654,7,28.653371201625564,9.57675718112127,12.144776946522583,8.646610326036761,6.278950771220098,6.590657615221207,19.130285397617072
13180,89032,20,29.851395004043482,12.385194087519094,12.298620720639768,9.890633704735377,5.596878650372899,6.696866295264624,20.914321816874832
13220,114848,30,36.63226525494567,22.094443960713292,19.415217504876008,14.404155057118974,13.035898753134576,10.361489098634717,24.925699185009744
13260,45113,13,32.19351184802607,8.105958371201206,13.025101412009843,9.678529470440894,7.458273668343937,7.104187263094896,21.921947110588967
13340,46098,11,33.76296368606013,11.330595687448481,13.400127988199056,10.528133541585317,7.757280142305523,7.449446830665105,20.810024296064906
13420,46274,14,30.533344858884043,13.85770411029952,17.71830401521373,12.548967022518042,8.671606085490772,10.861280632752734,22.62356182737607
13660,40128,13,33.266666666666666,16.668067185007974,16.38322368421053,11.60284090909091,9.000986842105263,9.188354764752793,22.640465510366827
13740,185147,44,31.194385542298825,8.224704694107926,11.786112116318387,9.293049846878429,6.46119407821893,7.368441832705903,21.97023500245751
13780,246709,68,34.25146305971813,15.388445091180298,15.593253590262211,12.829172425813407,8.361627666603164,8.944279697943733,24.541417216234507
13820,1179346,322,36.33733128360973,14.709173304526406,19.367921712542376,14.185664003608782,10.206571014782769,9.9158941481126,23.93998402504439
13860,18829,6,33.29153433533379,13.314785702905093,14.068564448457167,11.912709118912316,6.661899198045569,8.132842955016198,24.410122683095224
13900,133467,27,28.35274112702016,5.735963946143991,9.16887844935452,7.874282781511534,5.193366150434191,5.742093551214907,19.66833599316685
13940,48253,10,30.51102314881976,11.533908772511552,16.427546473794376,12.941835740782958,8.400445568151202,9.02858475120718,21.262389903218452
13980,172501,45,34.54830174897537,11.861980510257911,13.462662825143042,10.124127976069705,7.060046028718674,8.342662941084399,20.07276595497997
14010,171284,47,33.23223126503352,13.470831484551972,14.030660190093647,11.140463791130518,7.442713271525652,8.065258284486584,23.514109899348455
14020,161426,39,36.607952870045715,9.594553541560838,15.259770421121749,10.445812322674168,8.347767398064747,9.025840942599086,21.803267131688823
14140,99922,29,35.354469486199235,19.174469085886994,17.332066011488962,12.808482616440823,10.866115570144713,9.55070354876804,22.10683733311983
14180,40361,14,36.31859963826466,19.15604915636382,26.24647803572756,19.810537399965316,15.319612992740515,13.254188449245557,31.510334233542277
14220,45514,13,34.13278771367052,24.82918662389594,26.634233422683124,18.52315551258953,14.268018631629827,13.062752120226746,29.294821373643273
14260,771602,193,28.664286510403027,8.315476502134521,12.13194704005433,10.026974657919498,6.478461693982131,7.23337951430919,18.85861013838741
14380,54540,13,34.33155482214889,13.475817748441512,15.834482948294829,11.091246791345801,7.899724972497249,10.190286028602861,19.77046387972131
14460,4911060,1108,34.040237647269635,13.70889025994388,12.664647896788065,11.228184098748539,7.18194078264163,7.839268711846322,22.85032880885186
14580,119685,26,31.349803233487908,6.126664160086895,9.16498558716631,7.642382921836488,5.549278522788988,6.928721226553035,19.132586372561306
14660,96846,32,26.99337401647977,9.039702207628606,11.581139128100283,8.760413439894265,5.930693059083493,7.220824814654193,19.313669124176528
14700,56202,18,30.621476104053237,11.457857371623785,14.4043379239173,11.775981281804919,8.756320059784349,8.70379523860361,19.38359666915768
14820,33131,12,29.01961606954212,8.65381364884851,10.540801666113307,8.063849566870907,5.571190124053002,6.185792762065739,18.73688086686185
14860,947047,223,33.53505475441029,10.616721556585894,14.626080648584496,12.406302855085334,7.925320390645871,7.863723975684418,25.28672652993991
14940,62863,13,31.53590665415268,7.149558563861095,12.571705136566822,9.662780968137058,6.708065157564864,7.01483861731066,20.106445763008445
15020,34855,10,35.589206713527474,15.062329651412997,22.7303399799168,16.87463778510974,11.768242719839334,12.14204848658729,27.529946922966577
15260,113854,36,35.150635902120264,17.43080612011875,19.44756969452105,15.093671719922007,10.316467581288318,10.27071073480071,23.229486008396723
15340,41861,13,34.525465230166496,13.23743579943145,14.90873844389766,11.057891593607417,8.341083586154177,8.070920427127874,21.347342395069397
15380,1154833,320,30.778084103935377,14.954431593139443,15.381771736692667,13.242204976823487,8.831359512587532,8.623500280993008,23.43424460506411
15420,46485,11,30.573825965365174,12.265001613423685,18.178160696999033,14.014127137786382,8.480634613316123,9.557220608798536,22.420111864042163
15460,45198,14,32.164102393911236,11.646625956900747,13.241749634939602,10.04269436700739,6.9099119430063265,7.115540510642064,24.09964821452277
15500,171779,37,33.59166021457803,14.77447301474569,17.522480629180517,13.7151747303221,9.238482585182123,9.497337858527528,22.759127134283002
15580,35306,9,30.080111029286805,10.646357559621594,14.073437942559336,10.109839687305273,7.474848467682547,8.389877074718179,21.087157990143318
15620,48855,13,32.12683451028554,15.650602804216561,15.53387984853137,11.229012383584074,8.483778528298025,8.293804114215536,22.443805137652234
15660,57785,15,38.052650341784194,15.164755559401229,18.608462403738,14.63707190447348,9.06435926278446,9.818501341178504,24.312877044215632
15700,32557,9,31.911942132260343,19.985167552292896,20.566010381791937,16.53233406026354,11.45179531283595,10.616054919065023,25.23505851276223
15740,38409,10,35.92324194850165,14.374628342315603,15.992241401754796,11.86490405894452,8.849618578978886,8.49925277929652,21.745450285089433
15780,27379,10,35.684016947295376,16.380291464260928,23.38218707768728,17.551137733299246,13.533967639431681,11.683118448445889,29.938927645275577
15900,33691,12,32.974292837849866,15.55708646225995,15.55590810602238,11.89631355554896,7.91560950995815,8.117817814846696,24.433020688017574
15940,400960,97,35.02065916799681,13.525782372306464,14.66067562849162,11.53842303471668,8.855011971268954,8.218099062250598,21.079360784118116
16020,97622,26,31.779383745467214,12.620718690459116,14.630803507406116,12.183777222347421,9.25656921595542,9.039801479174775,19.25490463215259
16060,53176,17,35.41414547916354,20.330073717466526,19.466588310516023,14.42243681360012,10.40058108921318,10.889766059876635,24.83975101549571
16100,61264,13,34.603005027422306,15.519407808827372,19.610302951162186,16.45742034473753,10.505495886654478,10.339928832593367,24.595498171846433
16140,20728,6,30.249290814357387,9.65922906213817,11.236144345812429,8.573837321497491,6.034243535314551,6.351640293323042,22.308302778849868
16180,58249,14,35.92354203505639,13.50254253291902,15.956028429672612,13.007813009665401,8.531277790176654,8.964983089838451,25.341945784476987
16260,58068,12,33.14981228904043,8.58901804780602,14.320036853344357,10.860050285871736,7.567143693600607,8.422323827237033,20.28361059447544
16300,275693,68,32.829806705284504,9.997972019601512,12.092679901194446,9.296830532512612,6.694790945000417,6.77959940948809,24.11380484814631
16340,43019,8,38.2880494665148,17.077540156674957,20.21543271577675,15.604942002371045,9.979258002278062,10.619417001789907,24.430268021106958
16380,42321,9,34.21995935823823,8.53120909241275,11.16550176035538,9.147954915999149,6.431762009404314,6.3338460811417505,20.735077148460572
16460,37543,12,33.44016461124578,17.579434248728123,16.509700876328477,12.473273313267454,8.58420477852063,8.762128759022987,24.446741070239458
16580,236707,57,34.854348202630256,16.05975742162251,17.011966270536995,12.809116333695243,8.611550144271188,9.590667365139181,25.446141854698
16620,209649,68,33.85465086883315,18.929369565321085,17.86638905980949,13.482525077629754,12.147742655581473,9.068328491907904,24.276419157735077
16660,47076,13,34.69263743733537,17.482759792675672,16.761659869147763,12.64060243011301,8.627113603534708,9.305720537003992,24.276646274109943
16700,803398,176,31.040329077244404,9.25478704203894,15.596388340523625,12.370816581569784,8.299388347991904,8.044409495667153,22.74915160356386
16740,2666695,672,32.07684733349708,11.982197326653404,15.591090132167343,12.685168270087129,8.478280718267367,8.377771773674905,23.060093411507502
16820,221648,55,33.1418596152458,9.021243142279651,11.090953223128565,9.105761387425106,5.994333808561321,6.787107485743162,19.46123583339349
16860,152356,38,35.56554254509176,11.2651467615322,13.960484654362153,11.221182624904829,7.183172963322744,7.8688013599726965,21.635561448187143
16980,9396044,2279,33.695515868167504,15.495612781293914,18.322816581105837,14.977955807784639,9.042239978867704,8.994135212649068,25.984084280575953
17020,213605,54,34.574017462138066,17.921584232578823,17.05177453711289,13.645655766484866,8.072432293251563,9.922661454553968,24.764130989443128
17060,76957,17,36.73478046181634,14.744818535026056,16.39496731941214,12.452638486427487,9.207935600400223,8.746371350234547,22.57616721026028
17140,1791278,433,33.43291610794081,12.614280921219374,14.626622277502433,11.868142242577646,8.948929646877817,8.177120748426542,21.20981545019813
17220,90311,31,32.63278559643897,17.833301591168297,15.97232673760671,12.125904928524765,10.871910398511808,8.827677691532593,22.61761247245629
17260,21264,7,38.35154721595184,30.98129702784048,38.864465763732134,28.279792136945073,21.607138826185103,20.7425978179082,33.68449021820918
17340,68024,21,35.25952604962954,20.991885216982244,19.595285487475003,15.324867693755145,9.067190991414796,10.670874985299305,25.879688051276016
17380,30688,9,38.55683654848801,27.288154979144945,34.917557351407716,25.191354927007296,18.98484749739312,18.316703597497394,31.693538190823773
17410,2177413,650,35.52536744292424,14.745511760975065,16.609729389876886,13.05132949054681,10.091830075415183,8.884587765389478,21.806867645228536
17540,46488,12,32.10912278437446,12.620364395112718,13.541821545345034,9.931195147134744,7.2848304938908965,7.552669506109104,22.98689984512132
17580,67469,19,36.5281892424669,20.7807037306022,24.440734263143067,18.691741392343147,12.873879855933835,12.776402495961108,25.704267144910993
17660,173396,39,28.96076610763801,8.628827077902603,11.53591201642483,9.332544580036448,6.282398094535052,6.955778680015683,20.043823386929343
17740,44795,13,33.484192432191094,17.507909364884476,17.496595602187742,12.62761915392343,9.439082486884697,9.15370242214533,23.306435986159165
17860,211078,48,30.478039871516692,11.142179194421018,13.703810439742654,11.612289295900093,8.920698035797194,9.258942665744417,18.632621590123083
17900,821933,223,32.12802746695898,12.487803628762926,18.486890780635406,14.88110527257088,10.356401312515738,9.613467642739735,23.910097173370577
17980,325435,95,38.13653817198519,20.525891499070475,23.367509026380073,18.558167683254723,13.079189699940079,12.48006760182525,26.707252139444126
18020,82371,16,31.698997219895354,8.050629469109273,13.809843270082915,10.283497832975197,7.566472423547121,7.224158987993347,22.71048184433842
18060,68808,21,37.02848505987676,17.21794704104174,25.406444018137428,18.745632775258695,13.279999418672247,13.56264823857691,29.82269067550285
18100,44782,11,28.76182841320173,10.299167076057346,14.99773793041847,11.249598052789066,7.186170782903846,7.560921798937073,21.902460810146938
18140,2133814,514,36.566839565210465,12.826849200539503,15.129025913223925,12.078916344161204,9.135160655989697,8.44690062020401,21.867380146535734
18180,153918,39,29.20575696149898,7.321566028664614,9.723584635975,8.479364986551282,5.683319689704908,5.980831351758729,21.463122571758987
18220,23391,7,32.25767175409346,12.175298191612157,17.554636398614853,12.1205848403232,9.492210679321108,8.88459236458467,22.687713223034503
18380,20255,6,39.419145889903724,27.003915082695634,28.124700074055784,21.10785485065416,15.298938533695384,14.27342384596396,26.39428783016539
18420,34717,10,36.88362473716047,12.92360803064781,20.472952732090903,14.665408877495173,9.810107440159,10.9851916928306,27.303326900365818
18460,46326,11,37.177127315114625,12.527703665328326,16.403158053792687,12.863692095151752,7.721979018261884,8.73115097353538,23.05624055605923
18500,93584,31,31.056293810907846,13.734026115575313,14.0745341083946,11.671599846127544,7.478369165669345,7.837880406907163,23.36634894853821
18660,46755,13,31.886339428938086,13.195472142016898,14.051624425195165,11.63129077104053,7.294898941289702,8.133172922682066,23.428339215057214
18740,36629,10,35.92555625324197,15.65570176635999,16.596120560211855,12.168213710448006,9.321911600098282,8.87190750498239,21.968986322312922
18820,38018,9,32.2684123310011,9.288721132095322,15.257780525014464,11.206070808564364,8.353648271871219,7.857727918354463,23.035201746541112
18860,27462,8,36.06639720340834,17.934422110552763,18.14653703299104,14.74195251620421,8.429193066783192,10.226567620712258,26.923822008593692
18980,88284,22,32.81902269946989,11.605895745548457,16.11559512482443,11.403007339948347,7.744765755969372,8.590393502786462,22.663919849576363
19060,95118,29,34.01191467440443,16.14958577766564,16.942273807270965,12.957064908850063,9.347390609558653,8.583396412876638,24.19425240227927
19140,143096,32,36.860413987812386,15.460188265220552,20.63255716442109,16.107899591882372,9.419982389444847,10.466954352322917,24.164204450159332
19180,74113,24,33.810166907290224,21.91726417767463,20.600265810316678,15.505233899585766,10.808148368032597,10.5091346997153,26.51541564907641
19260,103048,34,35.084958465957605,22.229141759180187,22.370669979038894,16.29281208757084,11.919711202546384,11.620722381802658,23.9646601583728
19300,233420,43,31.58838402878931,9.248749892896923,13.832384542884068,10.09449918601662,6.769688972667295,7.209257989889471,21.016606546140007
19340,382983,109,33.293003083687786,14.018896138993114,14.98225665368959,11.870872336370022,7.928246162362299,7.964151672528548,24.000489316758188
19430,812506,220,35.48871639101742,13.358717966390403,15.024854708765227,12.165353978924463,9.229043108604737,8.570704339414108,20.804456828626503
19460,156218,42,35.15756762985059,14.307600916667734,19.342479099719622,13.82405548656365,9.446522167739955,9.881320974535585,24.61106082525701
19500,103542,37,34.42723822217071,19.33785710146607,18.417539742326788,14.315050897220454,10.096633250275252,9.611489057580501,26.165211218635918
19540,35827,7,32.40595361040556,11.623476707511095,17.6097803332682,12.216080051357913,9.206282970943702,9.007086833952048,23.469545314985904
19580,38300,9,33.67965796344647,10.162976501305483,12.981676240208877,10.496751958224543,7.2991697127937325,7.153057441253265,21.466430809399476
19700,25393,7,35.55544441381484,30.10237860827787,32.60337100775804,22.85911077856102,16.044528019532944,15.671039262788957,26.803768755168747
19760,36553,9,35.44723552102426,15.523081552813721,19.04817935600361,13.797458484939677,9.996178152272043,9.707654638470167,27.523166361174184
19780,711490,161,32.610508229209124,10.492760123121899,12.471236419345317,10.174944974630703,6.838221057217951,6.986579572446556,23.30604267101435
19810,35202,10,26.923558320549972,9.716854156013863,12.90954207147321,9.419697744446337,6.295400829498324,7.752445883756604,19.99579569342651
19820,4371342,1287,32.54794520767306,17.88001794414621,18.558324354397342,14.418212439109087,10.995984871465101,9.807631935455975,24.29894355097359
19860,37877,11,28.807727644744833,7.423343981835942,11.746339467222853,9.941816933759274,6.255632705863717,6.852483037199356,21.7824642923146
19940,34221,9,32.72912539084188,14.5050378422606,15.06960638204611,12.196607346366267,7.770179129774115,7.903424797638876,24.846959469331697
19980,34212,9,32.248722670408036,13.075008768853035,24.188018823804512,19.69025195837718,12.662656377879106,11.263091897579796,25.166836197825326
20020,150969,38,37.054603925309166,17.332698103584182,21.424579880637744,15.252025912604571,10.876122250263299,10.89786909895409,25.988106829878983
20060,51321,15,39.14547651059021,26.23625806200191,28.801375655189887,21.499243974201594,14.828124939108749,14.605426628475673,27.069069191948714
20100,182336,40,34.96461587399087,14.645630594068095,15.995297143734645,13.780541966479468,8.690510376447875,8.79287962881713,22.82708516146016
20140,58632,18,41.05122799836267,24.02460942829854,25.38079205894392,19.206527152408242,13.734267976531587,13.1798267157866,26.56928127984718
20220,98812,27,30.869597822126863,9.452550297534712,11.371850584949195,8.663084443185038,6.142114318099018,6.54201210379306,21.8152572562037
20260,280576,97,32.53635164803832,10.351335110629561,12.329431597855839,9.34658416970803,6.2401360059306565,7.979192803375913,21.144914033987227
20340,43140,11,31.839830783495593,16.58564209550301,19.003523412146496,13.254434399629115,10.09762401483542,9.483504867872044,24.053029670839127
20460,46528,13,32.286315766850066,18.011081499312244,20.580585883768915,14.74125257909216,11.331677699449795,10.95257909215956,25.161681138239338
20500,585155,134,31.743104134801893,12.4644342097393,15.147421794225462,12.20049491160462,8.23573548888756,8.680276678828687,21.566015500166625
20660,37663,10,31.458991583251468,9.910689536149535,11.75667100337201,10.023527069006718,6.336149536680562,6.317768101319597,20.4457876430449
20740,171951,34,31.499612098795588,12.153426848346331,11.32521590453094,9.102979337136743,5.31263732109729,6.787959360515496,20.75405551581555
20820,45041,11,32.43083190870541,11.861368530894078,12.221038609267113,9.879278879243355,6.435407739615018,6.757736284718368,23.238209631224883
20940,179578,40,38.19318123600886,29.505176023789105,31.724295292296382,25.163488846072458,13.237114791344151,15.794086135272696,30.86209335219236
20980,38815,12,35.28696380265362,16.666693288677056,23.549815792863583,17.74611619219374,13.611691356434367,11.762318691227618,28.46076001545794
21020,40454,10,33.56518267662036,15.53681959756761,17.887383200672367,14.447760419241607,10.12047757947298,9.841105947495922,24.409341474267066
21120,22295,4,34.13928683561337,19.860107647454583,22.243655528145325,16.092778649921506,12.08078492935636,11.116250280331913,27.016075353218206
21140,206841,45,34.767182521840446,11.28640936758186,18.44787203697526,14.443314429924431,10.202690472391838,9.42117810298732,25.423593968313824
21180,28005,7,35.50454918764506,18.348866273879665,16.772404927691483,12.399325120514193,11.165781110515978,9.105456168541332,23.608305659703625
21220,55222,16,33.911001050306034,15.811127811379524,18.0946778457861,15.079828691463549,9.898319510340082,10.344828148201803,24.98892108217739
21300,82207,24,32.98086294354495,16.05936842361356,15.979489581179218,12.851734037247436,8.440989210164584,8.72530928023161,23.982939409052758
21380,34343,12,31.79860524706636,10.438464898232539,17.058311737471975,13.60836560580031,9.891774160673208,9.19525085170195,22.575965990158107
21420,62456,17,32.427025425899835,16.50295407967209,19.48019085436147,14.666352312027668,10.671360637889073,9.936712245420777,25.63563308569233
21460,53559,16,36.05826098321477,15.554190705577028,20.548089023320077,14.429608469164847,10.118176216882317,10.540837207565488,25.540811068167816
21540,36839,11,30.94940144955075,14.538445668992102,14.557786584869294,10.431919976112273,8.040774722440892,7.908211406389967,21.743774260973424
21580,40285,11,33.60468164329155,21.21390592031774,26.253603078068757,20.045969964006456,13.88578379049274,13.210736005957552,26.334208762566707
21640,27057,10,38.31411464685664,25.66112281479839,30.64002661048897,21.312292567542592,15.44952507668995,14.671767010385485,30.287426543962752
21700,136132,35,34.17074750976993,18.505811271413044,17.51389460229777,13.911431551729203,8.537066964416889,10.122805806129346,25.51191049863368
21740,2543,1,29.800000000000004,6.9,11.5,9.0,6.700000000000001,6.6,18.5
21780,269177,77,31.081587951422296,8.998908153371202,14.101065098429657,10.653452560954314,8.279787649019047,7.6599728059975405,21.51682944679523
21820,96299,22,34.36764348539445,8.359343295361322,11.90336867464875,10.879283273969616,6.985616673070335,8.312331384541896,26.03790278196035
21860,19960,7,28.660846693386773,9.77694388777555,12.7699248496994,9.639829659318638,6.266227454909821,7.5370090180360725,20.466372745490986
21900,56194,21,33.70298608392355,17.239089582517707,15.574757091504429,12.302607039897497,10.898304089404563,8.848450012456846,21.526661209381782
21980,25409,7,35.20550985871148,13.810287693337006,15.737073477901529,12.759368727616199,8.55553937581172,9.213192176000629,25.614207564248886
22020,251635,60,30.605360542054957,7.414302064498181,10.900561527609433,8.905720587358674,5.828959802889105,6.796715878156855,20.097589365549307
22060,67152,16,29.62702674529426,9.609179175601621,13.32214528234453,10.229579163688348,6.449023111746485,7.988996604717657,21.413758339289974
22100,66814,19,33.3076660580118,14.806655790702544,17.424864549345944,14.111273086478882,10.859650672014848,10.1644954650223,21.875503636962314
22140,121798,36,37.319284388906226,25.655170035632768,27.565090559779303,20.70842460467331,16.99226424079213,15.93045288099969,27.518446115699764
22180,384157,89,36.495836598057565,18.214905103902833,21.168981692380978,16.888412289766944,11.942174423477901,11.498675020889896,25.909000226469903
22220,550596,115,32.69335047839069,9.279269191930199,16.434183139724954,13.354430290085652,9.025162914369156,9.048490181548724,25.70806707640448
22260,60072,17,30.744942735384203,8.430355240378212,11.251178585697165,8.580453455852977,5.66137967772007,6.838075975496071,20.41920362231988
22300,75072,15,34.17598838448423,9.582823156436486,11.711628836317134,9.67821957587383,6.975078591219098,6.790802163256607,19.897695545609544
22340,17169,6,38.767761663463226,27.813734055565263,28.933799289416974,21.30441493389248,15.397402294833713,14.592259304560546,26.95629331935465
22380,144402,36,33.42601349011787,15.875084140108862,19.85048475782884,14.393556875943545,10.365965152837221,12.379188653896762,26.708662622401356
22420,405280,132,36.42668895578365,21.741089863797868,21.24992128898539,15.597287554283456,12.310625493485986,11.254970637583893,25.707521713383347
22500,200040,54,34.77905818836232,16.639107178564288,23.529992501499702,17.616732153569284,12.455122475504897,11.31345730853829,26.074588082383524
22520,151599,41,34.06177877162778,12.79521368874465,16.985158873079637,12.11403439336671,8.471973429903892,9.079116616864228,23.38604278392338
22540,104027,23,31.53083141876628,12.551830774702722,11.903524085093295,9.648870966191469,5.492038605362069,6.6644765301316005,20.65412633258673
22580,64680,22,31.991510513296227,16.07882807668522,17.718395176252315,12.817569573283857,9.162699443413729,9.419701607915892,22.247786023500314
22620,23138,7,36.93189990491832,27.551702826519147,34.212784164577755,25.281087388711214,20.772944939061286,16.9657619500389,33.370040625810354
22700,36986,13,33.98937435786514,11.582085113286109,13.680717028064674,10.156129346239117,7.212907586654409,7.5098307467690475,24.159949710701348
22780,53726,13,34.41272009827644,10.841244462643786,15.08475226147489,13.49291218404497,9.394913077467148,9.702944570598966,22.05456762089119
22800,33442,11,30.077905029603492,12.543846061838407,13.343840081334848,9.83472280366007,7.102155971532802,7.354144488965972,23.535072663118232
22840,71680,21,35.31402064732142,17.748865792410715,23.09190569196429,15.16041015625,10.4178515625,11.42001953125,25.067829241071433
22900,228315,58,35.37829489959048,14.567186124433348,20.715437443882355,15.275786085014124,11.396932746424897,10.889048025753894,27.145911131550708
23060,447865,110,32.49701316244851,10.151184173802378,16.01584472999676,12.155090708137497,9.56330144128253,8.500024784254185,23.11396134996037
23140,33020,8,31.126084191399155,9.28083585705633,16.45501211387038,12.535345245305875,8.570193821926106,8.238567534827377,23.33511811023622
23300,44482,13,33.8607436715975,16.11796232183805,15.92981880311137,12.29887145362169,8.370835394091992,8.31754867137269,24.819747313520075
23340,37175,9,29.57283658372562,9.938967047747141,13.888494956287827,10.073985205110962,6.850184263618023,7.288521856086079,20.644949562878278
23380,58885,15,34.377980810053494,12.21094845886049,14.312677252271376,11.371666808185445,8.280236053324275,7.8653595992188166,21.558391780589286
23420,1165523,259,37.570007284283534,25.51658911921944,27.54898530530929,21.218933388701895,11.733415385196174,13.761895732645344,29.0670695473191
23460,103348,33,35.61365677129698,16.876735882648912,21.10991697952549,14.781142353988466,10.544891047722258,10.7847118473507,24.486867670395167
23500,56200,16,34.02291637010676,15.390580071174377,22.528078291814946,16.026188612099645,11.265508896797153,10.907071174377224,24.97065302491103
23580,204953,50,36.72470907964265,13.919717203456406,19.463011519714275,15.591516591608809,8.953995306240943,10.000728459695639,22.923511244041315
23660,49751,16,33.170344314687135,19.103515507225985,18.40767823762336,13.805684307853108,9.441558963638922,9.620731241583083,25.397372917127292
23680,29276,8,35.174443229949446,15.306203033201259,16.76521041125837,12.512153299631098,9.43237805711163,8.96680557453204,22.490271895067632
23700,72073,32,37.850358664132195,40.37115424638908,43.337373218819806,29.975220956530187,24.941448253853732,24.347271516379227,32.21565357346024
23780,38187,12,34.17735093094509,11.674658915337679,21.919344279466834,18.04483201089376,11.552860921255924,10.694943305313327,25.514253541781237
23820,50991,17,30.628006903178996,8.827922574571982,10.665501755211704,8.786195603145652,5.93475319173972,6.327067521719519,21.447278931576154
24020,126994,44,30.91089657779107,11.792632722805802,12.54595807675953,10.774512181677874,6.723047545553332,7.178821046663622,22.756295573019198
24100,53280,17,32.4570213963964,15.933089339339341,16.370121996997,12.904446321321322,8.20118243243243,8.55646021021021,23.321501501501505
24140,117480,30,32.84883469526728,19.52541794347974,21.89325587334014,16.409777834525023,11.54603592100783,11.54844654409261,25.04301583248213
24220,104055,32,31.228663687472967,8.734259766469654,12.495773389073088,9.792684637931863,6.543825861323338,7.795486041035991,21.185721012925857
24260,76726,19,29.84415061387274,11.725992492766467,16.795138544952167,12.025546750775487,7.829686155931498,8.136956181737611,21.540648541563485
24330,45054,21,28.35312069960492,9.296353264970925,12.089596928130687,9.033450969947175,6.053025258578593,7.251944333466506,20.19476628046344
24340,1147033,254,32.21483976485419,12.69331231097972,14.228488979828828,11.249816701001627,7.92551373848878,7.954338889988343,22.759989555662305
24460,25477,8,29.83722573301409,9.669635357381168,15.69253444283079,12.601562193350865,9.529477568002513,8.1148369117243,21.072041449150216
24500,84423,25,33.756361418096965,9.924564395958448,13.692410835909644,10.037875934283312,7.407683924996743,8.284580031508002,22.6734811603473
24580,326881,73,29.617117238383393,12.929231738767319,12.61280588348665,10.247777937536902,5.831042489468645,7.053947766924355,18.82826196689315
24600,36942,9,32.99665150776894,7.630220345406312,13.414863840615018,10.349418006604948,7.617949759081804,7.367879378485194,22.722500135347303
24640,70980,19,33.71040152155536,15.215342349957735,11.660479008171317,10.059088475626936,7.2497041420118356,7.3109721048182585,22.70975908706678
24660,775169,181,33.53789251118143,16.312803530584944,18.67895439575112,14.78401161553158,10.118591042727456,10.16263472868497,23.89990931009883
24700,26432,6,33.192251815980626,7.0713756053268755,12.522120914043581,9.716366525423728,7.026460351089587,6.7457702784503635,22.580213377723968
24740,44604,19,36.84738812662541,28.96661958568738,36.97590799031477,26.768742713657968,19.954685678414492,19.33987983140526,33.150820554210384
24780,171196,42,34.73240379448118,17.868930932965725,19.80359704665997,15.825658309773592,11.350200939274282,11.169350335288208,24.046480642071078
24820,51751,14,34.460773704855946,12.227850669552279,13.901300457962167,10.53863693455199,7.864031612915692,7.613829684450543,21.152219280786845
24860,931405,231,32.03929364776869,10.337998614995625,17.186885941131944,12.806980529415238,8.608310885168105,8.460662547441768,22.37525018654613
24900,37850,11,38.04107265521797,27.02452575957728,35.142612945838835,25.235453104359312,18.946642007926023,18.386084544253634,32.470319682959044
24940,93677,25,33.42952272169263,15.272706213905225,22.362439019182936,15.825729901683443,11.313234838861195,10.62736317345773,25.203889962317326
24980,31277,11,36.698318253029385,18.426083064232508,26.953253189244492,19.449288614636952,13.59150493973207,13.932260127250059,29.813597851456343
25060,416800,144,35.361768474088294,11.53168761996161,19.605155230326297,14.677918905950095,9.645602207293667,10.597485124760077,27.492724088291748
25100,21144,6,35.39433409004919,19.98349413545214,26.05120601589103,19.498732500945895,12.673827090427542,12.310395384033296,27.988791146424518
25180,289953,67,33.93321020993057,15.28007435687853,15.706505192220808,13.142637944770359,10.095666539059778,8.609201146392692,23.8302766310402
25200,30584,10,26.961201935652625,7.888791524980382,12.265233455401516,10.051082265236724,6.157196573371698,6.759498430551923,19.351876798325925
25220,133953,31,39.29585750225826,21.471743074063294,24.167890976685857,18.163676065485657,13.391396235993223,12.614773838585174,29.091745612266987
25260,142147,29,39.58971276214061,25.63532188509079,27.637230472679686,22.268026057531994,11.745449429112117,14.14282046050919,29.60694281272204
25300,38881,11,31.054998585427334,12.130112394228544,14.444525603765337,11.934014042848693,9.002157866310021,8.655819037576194,19.642995293330934
25460,44905,9,34.85120810600155,8.988166128493488,15.270299521211447,11.471691348402183,8.213679991092308,8.098955572876072,25.195214341387377
25500,135689,33,35.73187804464621,12.96218337521833,15.355793026700763,11.578140453537133,7.481012462321927,9.04682546116487,21.039684867601647
25540,1150304,288,32.87954688499735,12.196632716221101,15.653303213759147,12.43874028083011,8.470184577294349,8.44446841878321,25.08204092135644
25580,40641,13,28.714335277183142,9.543465958022685,12.803651484953617,9.227782288821633,6.501208139563496,6.92881572795945,20.437885386678477
25620,153853,41,35.214346161595806,13.026308879254874,21.206816246677025,15.833331816734155,10.895169414961035,11.738659629646481,26.893002411392693
25700,28921,8,31.029231354379167,7.778392863317312,12.649503820753086,10.355001555962795,8.19287369039798,7.725106324124338,19.976231803879532
25720,77309,22,27.35034342702661,4.249113298581018,8.443143747817201,7.519996378170718,4.960231020967805,5.116686284908614,16.72818171234914
25740,90737,22,28.974634382886805,6.955027166426044,9.925111035189612,7.8217662034230795,5.724017765630338,6.480489767129177,19.99872709038209
25780,42492,12,35.06268003388873,24.80757319024758,26.08849195142615,19.654332580250397,14.426002541654901,13.407599077473405,26.540289936929305
25860,366031,81,32.72031603880546,12.939421524406404,15.589869710489001,11.666621952785421,7.807987301621995,8.392293275706157,22.58808243017668
25880,45698,13,33.34668256816491,17.004413759901965,16.890023633419407,11.51299619239354,8.754847039257735,8.823440850803099,22.643371701168544
25900,202163,43,30.828811899308977,17.693292046516916,20.41016110762108,13.030133605061263,7.823718484589167,9.721040447559643,29.510228380069545
25940,218515,48,27.414658490263825,9.053842527972908,15.337321922980118,11.40838798251836,7.581857538384093,7.605903942521109,20.147759650367252
25980,82354,21,40.519311751706056,17.447298249022513,21.82988804429657,18.78340092770236,11.811741991888676,11.906948053525026,27.62888262865192
26020,73103,18,37.386330246364714,21.858461349055442,27.000715428915367,21.679742281438518,13.991342352571031,13.57494357276719,27.315203206434756
26090,120189,30,32.080734509813716,13.22560467264059,14.135182088211069,10.769232625281848,7.771449966303072,7.7066944562314355,22.53898276880579
26300,100021,30,33.8364353485768,11.736757280970993,17.816251587166697,13.88408534207816,10.271155057437937,9.412225432659142,25.508241269333432
26340,39500,11,32.309425316455695,12.881835443037977,13.652321518987344,9.839311392405063,7.47547341772152,8.209749367088609,21.072903797468356
26380,206082,60,35.688492929998745,18.922995215496744,22.771436127366776,16.20217000999602,11.713835754699584,11.364473364971225,28.777759338515732
26460,61469,21,30.508070734841954,11.465205225398169,12.534796401438125,10.368686655061902,6.503203240657894,6.91262424962176,22.990289414176253
26540,36699,9,33.140864873702284,8.126998010844982,13.595067985503691,9.804313469031854,7.467072672279898,7.203079102972833,22.928978991253167
26580,248239,75,34.83821559062033,17.59795721059141,16.362492597859323,12.37681629397476,11.076548004141172,9.192405302954006,22.782965609755117
26620,493980,118,35.03669763958055,10.960585853678285,15.138871614235393,11.811575974735819,8.128108223004979,8.46888942872181,23.446090934855658
26740,61881,17,28.87596192692426,9.244949176645497,15.027806596532054,12.139220439230135,9.328141109548975,7.827746804350285,21.512740582731375
26780,36727,9,29.427971247311238,7.925760339804504,11.026323957851172,9.180741688675907,5.652201377733003,6.90734881694666,20.76042421107087
26820,158478,31,29.638496826057878,9.26098259695352,12.921360062595442,10.785327931952699,6.9190266156816715,7.669281540655487,19.903120937921983
26900,2086278,469,32.606533597152435,9.501754847628167,15.061573817103953,11.742213214154585,8.9979955212105,8.012135726878201,22.650067105150892
26980,175894,42,32.78269639669346,11.004163871422561,12.65347197744096,9.721840426620577,6.949197812318783,7.8719302534481,22.897101094977657
27020,30511,10,30.5277178722428,11.517026646127626,11.834194225033597,9.036455704500016,6.585739569335649,6.613405001474878,21.006587788010883
27060,102555,26,34.58488518356004,9.812259763053971,11.941043342596657,9.928374043196335,6.04410316415582,7.595368338940081,22.552417727073276
27100,153660,45,32.24142197058441,15.196624365482235,15.447351295067032,11.885866848887154,8.89915072237407,8.543212937654562,23.149025771183123
27140,619284,167,36.987545940150234,15.699624566434784,23.72516276861666,18.21714366914049,12.755500545791593,12.780360383927244,29.711932489778523
27220,11624,6,26.568074673090162,7.494451135581556,10.880918788713007,9.446274948382657,6.199664487267722,6.471679284239505,18.309618031658637
27300,37781,12,33.244300044996166,15.609393610544982,15.52925544585903,11.925499589740877,7.87241205897144,8.1996744395331,24.492075381805673
27340,203686,45,35.85509558830749,12.829575915870508,16.189438154806908,12.992928821813967,8.502078198796186,9.60294472865096,23.43916813133941
27420,21609,7,29.39966680549771,7.876722661853856,11.741302235179788,9.24968300245268,6.137290018048036,6.94816048868527,20.53627192373548
27460,127440,36,31.37528562460766,16.875368801004395,17.270393126177023,13.840444915254238,8.846282172002512,9.284215317011924,23.346245291902076
27500,163817,41,31.380522168028964,14.516648455288525,13.685655945353654,10.942778222040449,6.237897165739819,7.4453445002655405,21.665958355970382
27540,43584,9,32.10304240088106,7.542921714390602,12.96311949339207,9.999449339207048,7.211724486049926,6.972274229074889,23.046202734948608
27600,77033,17,36.04235587345683,10.545351992003427,14.129721028650057,11.716687653343373,7.1354510404631775,7.718125997948929,22.307524048135214
27620,150182,37,31.406452171365416,9.432530529624056,12.240516173709231,10.921697007630742,8.006912279767217,7.7193538506611965,19.377533259644963
27700,30277,7,36.74710176041219,21.57040327641444,23.51953297882881,17.829732139908177,12.439990752056016,12.046101000759652,25.20618621395779
27860,134035,30,34.86884022829858,13.946705711194838,20.055211698436977,15.333782967135448,11.676689670608424,11.052102808967808,27.517719998507854
27900,201187,48,31.899000929483513,13.401438462723736,16.298138547719287,13.432801324141222,10.11425937063528,9.807219154319116,20.40934304900416
27940,32108,6,31.746296873053446,8.022903949171546,12.119032639840539,10.294269340974212,7.330045471533574,7.819160333873178,23.90711037747602
27980,164765,44,32.3310484629624,14.073041604709736,17.662964828695415,11.626654325858038,6.42337511000516,8.241151336752344,28.656104148332474
28020,261426,68,34.965240641711226,15.547166693442884,15.976013862431433,11.9272383007046,9.095910888740981,8.934788429612967,22.629383840933954
28060,105950,32,28.86970740915526,7.426947616800377,10.451535630014158,8.667888626710711,6.1295960358659745,6.839199622463426,20.919453515809344
28100,107421,30,35.25003863304196,18.469148490518613,18.788809450666072,14.697307788979806,9.76135764887685,9.62148834957783,26.64305675798959
28140,2190347,589,30.981031087768287,9.852803049014609,13.743566978200256,12.592842823534353,9.306207874825313,8.147734445729375,20.51978261891837
28180,73511,17,29.70851301165812,13.179313300050332,16.813048387316183,10.708360653507638,6.571741644107685,7.832584239093468,26.985897348696113
28260,56758,13,29.33830649423869,8.289784699954192,12.024118185982593,8.923069875612248,6.216371260439057,6.7442281264315165,20.412932097677857
28300,76610,18,30.386522647173997,7.7051076882913465,10.38753556976896,8.520052212504895,5.858642474872732,6.445086803289389,22.248980550841924
28340,47431,10,31.67657017562354,8.45970567772132,15.282239463641922,11.597124243638126,7.960770382239463,7.876802091459171,23.51701418903249
28380,28174,10,34.95809256761553,19.957716334208843,22.205931000212964,17.147235039398026,12.846965287144176,12.19944274863349,22.25275431248669
28450,168693,42,31.03261664680811,14.957716680597295,14.039625829168964,11.826357347370667,6.489525350785155,7.813475366494164,21.468072771247176
28540,13910,5,29.457656362329256,9.662242990654207,13.818375269590222,11.399999999999999,7.8849892163910855,8.62728971962617,23.866542056074763
28620,37160,10,28.687720667384284,6.891776103336921,9.054523681377825,7.403780947255113,4.995931108719052,5.368600645855759,18.508336921420884
28680,55105,16,36.29645222756556,14.211421831049815,17.15431086108339,14.245812539696942,9.252193085926868,9.730175120225026,23.524874330822975
28700,92557,26,33.16258197651177,12.887561178517021,13.54459414198818,10.061639854360017,7.083646833842929,7.715389435699083,20.43703231522197
28740,182153,50,30.159994619907444,12.133143017133944,13.338593929279233,12.040147568253062,7.192607313631947,7.727134332127388,22.731681059329244
28820,55071,17,34.00416008425487,26.188355032594284,26.71630259120045,19.54337310017977,14.524185142815638,13.72971436872401,25.666702983421402
28860,29365,10,31.865792610250296,12.01846075259663,14.61731312787332,11.725298825131958,9.017650263919633,9.58975991827005,19.299846756342586
28880,696807,173,32.42356951063925,13.707521020885267,15.725090735311214,14.08858737067796,8.318655093878219,8.771039613551528,24.430701901674347
29020,83452,21,30.56690552653022,10.261255572065378,15.417856971672341,11.656469587307674,8.90195202032306,8.250672242726356,21.87534151368451
29060,63914,18,29.904125856619835,7.316867978846574,9.674215351879086,8.053312263353883,5.522453609537816,5.781304565509904,20.245949244297027
29100,169853,40,31.32668071803265,12.502971981654724,11.66251523376096,9.028781357997799,5.488995778702761,7.013326817895473,19.315749501039132
29180,409907,112,36.23472763334122,19.49740160573008,22.172808222352877,16.15853376497596,12.11037332858429,11.376611768035188,26.867325271342036
29200,216830,55,33.50764285384863,10.196210856431305,16.287963381450908,11.886631001245217,9.108321265507541,9.169899921597565,23.06685375639902
29300,104139,27,36.743223960283856,19.92379511998387,23.343786669739483,17.64353412266298,12.263983714074458,11.975769884481318,26.199916457811195
29340,248117,65,36.411829096756776,19.063114579009095,21.8213435596916,15.943599995163574,12.142180100517095,11.310866647589645,28.012823385741402
29420,214229,66,29.802435711318257,13.41436360156655,16.629002142567067,11.661046356935799,7.9081011441028055,8.774023124787027,27.654963613703096
29470,36593,8,33.40043997485857,10.304276774246441,12.173169731915939,10.032025250731015,6.600142103681032,6.9638482769928665,20.621771923591943
29620,457681,126,33.284780447516944,13.667413547864124,14.54566936359604,11.394291875782477,8.383524987928274,8.310409652137624,22.738130051280258
29740,219870,61,34.35319643425661,22.37704279801701,26.36174876063128,20.103824987492608,13.254816027652705,13.044050575339973,25.033676718060676
29780,31423,12,33.47169270916208,18.421398338796422,23.71342647105623,18.1823727842663,11.66694141234128,11.414094771345829,24.278257963911784
29820,2265040,533,37.420927665736585,18.146382933634726,20.671282847102038,17.948518878253807,11.366123953660862,11.481684650160703,28.423692782467416
29860,83472,26,36.35234210274104,15.132499520797394,23.443921314931956,17.262519168104276,11.964279039677974,12.689240703469427,28.90971583285413
29900,34222,9,36.38985155747765,28.524154052948393,28.807875051136694,20.767573490736957,15.853822102740926,15.205797440243119,26.693583075214775
29940,119094,27,30.481766503770128,7.742738509076864,12.565147698456682,10.54124221203419,8.552184828790704,7.939868507229583,21.133622180798362
30020,125201,38,33.19427480611177,19.01972428335237,22.06232857565035,16.60790808380125,12.515022244231277,11.295770001837045,26.258867740672994
30060,36060,9,31.367260122018855,15.593868552412646,17.67918191902385,13.791442041042707,10.636051026067666,10.270812534664449,20.24840820854132
30150,134192,39,30.63406984022892,7.806891617980208,10.361315130559198,8.409121259091451,5.872681679980923,6.336960474543937,21.13083045188983
30180,25621,6,31.32375395183638,8.180000780609655,10.226064556418564,8.314378829866124,5.570816908005152,5.926056750322002,23.18998868115999
30300,41839,9,30.67375893305289,9.59974186763546,13.474538110375486,10.205647840531562,7.001737613231674,7.9198020985205195,18.811730681899665
30340,111532,32,34.01793296990998,20.158926586091884,15.10434673456945,13.67393573144927,10.753113904529641,10.499787504931321,24.55581537137324
30420,25910,8,31.37884214588962,12.69136240833655,18.8360671555384,14.048452335005788,8.505187186414512,8.95048243921266,23.406117329216517
30500,207058,40,34.48691236271963,9.284242096417428,11.707288778989462,10.888195095094128,6.873014324488791,6.58750881395551,22.610821122584007
30580,21942,5,35.21160787530763,13.766539057515265,25.151544982225865,21.18661926898186,13.36351289763923,11.99182389937107,26.75852702579528
30620,102087,35,37.06183059547249,14.707147824894454,16.300838500494677,12.933823111659663,9.778049114970566,8.877806184920704,22.49470745540568
30660,28027,8,33.73114496735291,13.930748920683625,14.189560067078173,11.49343847004674,7.403357476718879,7.5990687551289815,24.83576551182788
30700,338377,82,30.45254110060672,9.50545663564604,12.40396805929481,9.546916013795265,6.718690986680537,7.112686736982713,20.54399176066931
30780,748845,189,34.413882579171926,11.91716950770854,17.956337159225207,14.641476941156048,11.09817639164313,9.91291362030861,26.808885416875324
30860,148700,29,33.34428581035642,7.845005379959649,13.096986550100874,9.818642232683256,7.230207800941493,8.126486886348353,18.859143913920647
30900,37820,11,32.76030407191962,11.151895822316234,18.20481491274458,13.176356425171868,9.551470121628771,9.051501850872555,24.140512956107877
31060,19253,4,30.565875447982137,4.669386589102998,6.719664467875136,6.488183659689399,4.544626811406014,4.46524178050174,19.52592842673869
31080,13087661,3070,39.71872634842849,18.512013109141503,21.251734928036413,17.440218836658435,7.99979681625311,10.521069884068666,30.784062186512934
31140,269492,63,32.7829096967628,8.526588915440906,14.100611892004217,10.799647113828984,8.09658691167085,7.455776794858474,23.716908108589493
31220,29178,8,30.614949619576393,14.207197203372402,14.247093700733428,10.322928233600656,7.8935739255603545,7.689365275207348,21.470943861813694
31300,117573,35,33.27292575676388,30.34498651901372,30.60148248322319,21.678970511937262,16.464217124679987,17.162254088948995,25.778142940981343
31340,262124,69,33.55321489066244,12.687523843677038,14.198428606308465,11.196952968823913,7.7438689322610665,8.210290168012087,21.129334589736157
31380,27370,11,34.511366459627325,19.745312385823894,18.516043112897336,13.157442455242965,9.485294117647058,10.596989404457434,23.71176835951772
31420,233334,68,39.54149373858931,23.47068622661078,24.969574086931182,19.409655258127835,14.148966717237952,13.311035254184986,26.436956037268466
31500,33057,7,33.077472244910304,8.244036058928517,14.009864779018061,10.469776446743504,7.677151586653356,7.4620201470187855,23.05635720119793
31540,675239,149,30.432867177399405,10.471775178862595,10.370879496000674,8.74536778829422,4.96044378360847,6.296559440435164,18.691465688445124
31620,22707,7,36.76690447879509,17.279142995552032,24.56262386048355,18.281309728277623,14.037825340203463,12.65041176729643,28.960686132029767
31680,33129,9,35.226888828518824,12.621709076639801,19.310742853693142,14.510540613963595,10.91712095143228,10.067363940958073,26.877602704579072
31700,422733,102,33.12825021940562,7.456142293125921,10.768949431437811,9.299648950992708,6.185210759510141,6.205753276891087,23.779060305204467
31740,133834,32,34.60226698746209,9.797934007800707,15.705587518866656,13.347095655812424,10.154874695518329,9.574810586248637,21.7114993200532
31820,81242,19,29.651537382142244,12.776421062996972,11.985330247901334,9.228853302479012,5.343607986017084,6.571847074173457,19.42160705054036
31860,103402,23,30.89208042397632,9.834355234908415,13.078797315332391,9.82281870756852,6.517631187017659,8.468396162550047,20.646013616757894
31900,125008,30,32.89153574171253,16.997652950211187,17.55650678356585,13.450440771790609,10.799373640087033,9.675692755663636,22.310720913861513
31930,59639,18,31.60686128204698,11.518744445748588,13.016321534566305,10.361998021428931,7.742611378460403,7.534998910109157,19.1115394288972
31940,65260,19,29.899927980386153,13.696694759423844,13.042539074471344,9.572868525896414,6.261650321789765,6.9988063132087035,21.058184186331594
31980,66560,16,34.39327223557692,12.208713942307693,17.9748046875,12.609577824519231,9.99208533653846,9.350362079326922,23.690743689903844
32000,44629,12,32.28163077819355,13.035098254498196,15.364487216832106,11.32563803804701,7.745161218042082,8.326543279033812,21.810804633758323
32020,65366,18,35.74867821191445,14.728074228192025,16.274295505308572,12.42092219196524,9.332960560536058,8.778167548878622,22.604308050056602
32060,67120,18,32.79944427890346,13.999410011918952,13.974699046483908,11.142021752085816,7.374050953516091,7.4962872467222885,24.060707687723482
32100,66376,26,30.510235627335184,12.488149331083523,12.960286850668917,9.854763770037364,7.590668313848379,7.603320477280945,21.080105761118478
32140,25352,7,30.6354804354686,9.227638845061534,12.662606500473336,9.689701009782267,6.187642000631114,7.769931366361628,21.821083149258445
32180,23219,8,34.11758473663809,11.889960807959,15.692643955381369,13.01436754382187,9.30764029458633,9.44523450622335,20.50046082949309
32260,40049,11,31.62881470199006,12.519231441484182,15.512322405053808,11.822802067467354,7.637414167644634,8.02452745386901,23.922095433094455
32300,64299,19,34.35583290564394,21.060836093873927,21.58546633695703,15.684264140966425,11.339003717009595,11.155347672592109,23.695158556120624
32340,21140,6,32.81464522232734,10.337213812677389,13.278926206244087,11.036849574266792,8.144214758751183,8.621461684011352,19.68289498580889
32380,50396,15,32.32981784268592,9.98698507818081,11.444424160647669,8.755538137947457,6.233036352091435,6.4987102150964375,23.874898801492186
32390,103425,27,33.75071307710902,16.566589315929416,15.730394005317866,12.907098863911049,8.352516316171139,8.906202562243172,24.10191733139957
32540,43758,14,32.51959184606243,17.762212623977327,20.216223319164495,14.44134558252205,11.25660679190091,10.531644499291557,25.20429178664473
32620,53986,16,38.29784388545178,20.959131997184453,29.859517282258363,21.559244989441705,15.1956303486089,15.5304819768088,31.101587448597787
32700,30085,7,30.237869370118002,5.765427954129965,10.321053681236497,8.91550939006149,6.642496260594981,6.141901279707495,20.189911916237328
32820,313608,83,36.803305719241855,13.52518079895921,21.660787033494046,16.892470536465904,11.5037176985281,11.416612458865847,29.199971301752498
32860,45221,9,32.03244068021495,12.525390858229585,11.959030096636518,9.390402689016165,5.456997854978882,7.315404347537649,20.15653789168749
32900,282290,63,39.895583619681894,26.273642707853632,29.175249211803465,22.958199015197145,12.012871515108577,14.349575613730563,30.70505295972228
32940,88277,29,36.045357227816986,18.77234613772557,26.52138269311373,19.803457299183254,14.035782819987084,14.365022599318056,29.362298220374505
33020,24873,7,32.03316447553573,14.60067543119045,16.918393438668435,13.6345676034254,10.393695975555824,9.950584971656012,20.507964459454026
33060,30472,9,32.694135599894985,20.779056182725125,22.59505119453925,15.82446508269887,12.563842215804675,12.069982278813336,25.270691126279864
33140,112215,30,36.53551931559952,12.178030566323574,18.050127879516996,13.440410818518023,10.505450251748876,9.152553580180903,24.431039522345497
33220,83503,21,29.014805456091395,11.15616804186676,11.691358394309185,9.118093960696024,6.866595212148067,6.705695603750763,20.349156317737087
33300,43778,14,39.41141897756864,21.90991137100827,23.977077527525243,18.523989218328836,13.09790534058203,13.213607291333547,26.180581570651924
33340,1568940,449,32.55965632847655,17.744402590283887,16.6344240697541,12.82300005098984,7.815456741494256,8.95508343212615,22.020379810572745
33380,36761,13,36.0120344930769,30.498381436848835,30.78739696961453,20.91005413345665,17.38813144364952,15.432093795054543,29.79891189031854
33460,3676381,887,32.18188911867404,8.528780314118695,12.033424473687575,9.921045968848171,6.086372467924299,7.384606600893651,21.94948407142785
33500,77140,19,31.172238786621733,6.3941703396422085,10.506756546538758,9.172499351827845,5.776411718952553,6.521466165413534,20.80458128078818
33540,123193,31,30.870326236068607,7.38897826986923,10.331649525541224,8.834346919061959,6.099323013482909,6.988345117011519,20.78898963415129
33620,24652,6,33.57149521337011,14.306831088755473,16.420704202498783,13.430176050624693,10.307042024987831,9.832609930228784,20.432269187084213
33660,411848,132,34.84210364017793,18.19545074881995,23.13555632174977,16.440966812998973,11.731909102387286,11.722972795788737,27.938661350789612
33700,552063,112,35.33372133252907,20.851247411980154,22.02405866721733,18.34871853393544,9.654868375529604,11.730704285561613,28.268513013913267
33740,226100,66,37.67105395842548,26.096124723573638,28.18953250773994,20.479076514816448,16.443524104378593,14.408613445378151,30.033508624502435
33780,154823,40,32.01504233867061,12.947100237044882,13.451064118380343,10.509444979105172,7.742548587742132,7.558623718698127,21.9335996589654
33860,384740,112,35.604381140510476,18.650668243489108,23.205970785465507,17.307514685241983,12.465234444040133,11.80210505796122,26.485860061340126
33900,24630,9,32.53285018270402,8.110012180267967,14.220552172147787,10.72443767762891,7.652866423061306,7.367547706049534,22.870852618757613
33910,78725,31,31.540323912353124,15.739881867259447,17.43439949190219,14.398800889171163,8.776129564941254,9.156624960304859,24.288884090187363
33980,68353,30,29.2280441238863,8.595158954252192,10.70287624537328,8.471576960777142,5.80303863766038,6.222148259769139,19.330229836291018
34020,49114,16,38.942071507105915,25.82906503237366,28.713668200513094,20.30525715681883,15.09951744919982,13.926253206824939,31.150335953088735
34060,140194,39,35.348039859052456,16.14790219267587,15.138355421772687,11.97297102586416,10.739866185428761,9.35812017632709,22.049252464442134
34140,39872,9,30.709553069823436,8.266685894863564,12.058228832263243,9.548467596308187,6.5026384430176565,7.9439556581059385,20.28270967094703
34220,45813,15,39.90725558247659,23.321504813044328,26.06547704799948,19.877851264924804,13.128721105363105,13.2839412393862,26.289983192543602
34260,41801,10,31.972393004952036,10.02932465730485,15.390289705987895,10.866783091313605,8.31259300016746,8.248718930169133,24.274895337432117
34300,28752,7,33.08179604897051,11.752980662214801,16.672756677796325,12.932192543127433,8.36948386199221,9.44202838063439,22.43634877573734
34340,71429,23,32.000453597278415,14.89967800193199,17.22728303630178,12.340687955872264,8.362630024219854,9.074790351257892,21.758729647622115
34380,64938,18,37.05507869044319,20.73314084203394,20.443290523268345,14.020530352028088,11.014580060981244,11.89851550709908,23.150582093689366
34500,37043,11,33.73483789109954,16.529951677779877,16.179545393191695,12.739300272656102,8.653235429095915,8.619798612423402,25.225840239721403
34540,62657,14,33.83395630176996,10.365392533954704,12.724415468343523,9.85673907145251,7.147523820163748,7.103985189204718,19.87306446207128
34620,112156,34,34.61697367951782,13.324534576839403,18.876090445450977,13.342041442276829,10.593066799814544,10.530650165840436,23.033000463639933
34680,63594,20,28.24691323080794,11.596880208824732,17.08856810390917,13.001559895587633,9.179702487656067,8.325474101330313,22.400363241815263
34700,42968,10,32.10040029789611,12.5524180785701,14.947919381865573,11.285642803947123,7.554221746415939,7.841640290448705,24.53501908396947
34740,175947,45,32.468652491943594,19.123022273752888,18.3810829397489,14.267818718136713,11.026349980391823,9.936946353163169,23.373068026166973
34780,66606,20,34.20043239347807,22.330030327598116,23.844272287781887,17.119525267993875,13.820807434765637,12.719276041197489,26.563153469657387
34820,356445,76,29.350523082102427,9.69790374391561,15.944377393426757,11.49751602631542,7.613313133863571,7.813192778689558,22.202321816830086
34880,13626,5,32.38969616908851,9.580617936298253,9.146785557023339,9.445310435931308,5.938793483047116,5.996418611478057,21.97443857331572
34900,136946,39,33.524288405648946,12.725220889985833,14.549266134096651,12.539560848801717,6.398992303535701,8.050370218918408,25.21825025922626
35020,55309,20,37.72034388616681,26.856889475492235,33.399088755898674,23.609613263664144,17.749711620170316,16.73543546258294,32.089446563850366
35060,37478,11,36.9553898286995,26.260310048561823,28.000704413255775,20.257881957415016,15.95991781845349,14.634417524947969,29.765449063450557
35100,122678,35,33.632997766510705,13.731420466587327,16.18308661699734,12.256810512072253,8.575718547742872,8.90827776781493,22.71959030959096
35140,37918,10,31.88941399862862,14.088219315364734,21.11636425971834,15.026246110026898,10.52332928951949,10.230774302442112,26.006427026741914
35220,48913,13,33.984165763702904,9.181606116983215,14.520411751477113,10.809011919121705,8.171475885756344,7.662954633737453,23.351726534868032
35300,570890,134,34.46567850198812,13.463307292122826,16.078302825412955,14.263114435355323,9.825236735623326,9.166038991749724,25.55307870167633
35340,69958,22,39.29809600045742,25.084812315961006,27.494016409845905,19.279679236113093,14.83923925784042,13.800075759741558,30.91332084965265
35380,996386,360,38.24724685011632,20.758426152113742,24.38332724466221,18.845811763714064,14.13142446802745,12.370599446399286,29.75327654142069
35420,92840,24,35.0380741059888,12.674307410598882,14.760527789745797,11.198397242567859,8.085435157259802,7.874199698405859,21.740610728134424
35580,25880,8,28.4603400309119,8.25402627511592,11.188547140649149,8.599389489953632,5.479899536321484,6.973149149922721,20.481147604327667
35620,19823721,4783,34.972063438544154,14.591072538803388,19.28818125012958,16.099990244011206,9.017374386978105,9.470151249606468,27.134619141381176
35660,153938,53,32.12719666359183,18.409659733139318,18.1512764879367,13.588355052033938,10.781894658888646,9.698095986695943,23.07092855565228
35700,47838,14,29.134706718508294,20.045756511559844,27.159076466407456,20.007477319285922,11.800388812241314,12.763288599021697,27.469237844391486
35740,48667,13,29.666020095752764,8.94881130951158,13.017730700474656,9.46980294655516,6.511200608215011,6.88034397024678,20.279803562989294
35820,35371,9,29.347717056345594,10.917460631590851,14.291170733086428,10.093785869780328,7.387953408159227,7.493969636142603,21.604447145967036
35900,66125,18,33.242380340264646,14.204623062381854,16.438794706994326,11.711479773156897,7.991965217391305,8.662292627599243,22.465486578449905
35940,58518,13,33.98044362418401,11.499152397552889,13.857197785296831,10.996657438736797,7.806039167435661,7.578244300898869,20.560191735876142
35980,278986,66,32.31594094327314,11.529377818241777,14.17646763636885,11.711910633508491,7.944439505925028,8.288401210096564,24.11657538371101
36180,52827,16,30.590726333125104,10.043960474757228,11.988384727506768,10.185762962121643,6.658006322524467,6.485480909383459,20.397514528555472
36260,637714,125,33.14558265931122,5.916897386602772,11.675274339280618,9.740549211715596,6.236570782513792,6.557904013397856,20.082930749520944
36420,1427943,407,32.4184478652159,15.26103948126781,18.49754626060004,14.668419327662239,10.660637994653849,9.744625660828198,24.786627967642964
36460,76823,22,32.239255170977444,16.6349088163701,16.8155109797847,13.145491584551502,8.610397927703943,9.076017598896163,24.0029678611874
36540,966688,266,29.583845977192226,10.244360641696183,13.66767333410573,10.622299128570955,7.34968676553345,7.399704868582211,21.093641692045416
36580,59678,22,32.82264653641208,12.50468681926338,13.134310801300309,10.894435135225711,6.78976339689668,7.777365193203527,23.22641676999899
36620,25571,5,27.368194439012942,11.655715458918309,15.80594423370224,12.028966407258222,7.940096202729655,8.643881741034765,20.256630558054045
36660,82574,28,38.00939399811079,29.951476251604625,30.943390171240342,21.875388136701627,17.615434640443723,15.707198391745582,31.1235134545983
36700,83745,38,32.82786554421159,21.952115350170157,30.276658905009253,21.12336258881127,15.12825004477879,13.942800167174157,29.36903815153144
36780,171197,45,29.281632271593548,13.129954380041708,12.014113565074155,10.145500797327058,5.705598813063313,7.165773348832049,20.221524325776738
36820,22059,7,32.12797044290313,11.174373271680492,12.565841606600479,9.481300149598804,6.7496804025567805,7.2030962418967315,23.605335690647806
36837,148326,40,33.65306082547901,13.886007173388347,14.68244946941197,11.61103110715586,7.368989927591925,7.60390154119979,24.67519450399795
36840,25968,6,31.466832255083183,7.370074707332101,12.089190542205792,10.240992760320394,7.747138786198398,6.891042821934688,21.28834334565619
36900,35292,11,33.98197608523178,15.564929729117084,16.709129547772864,12.326079564773885,8.73324266122634,8.979649778986738,24.8059616910348
36940,37396,8,30.4296823189646,8.664718151673975,12.000598994544871,9.566940314472136,6.092820087709915,7.173253823938389,21.276708738902556
37020,68124,18,33.029968880277146,13.488924608067641,14.094005049615406,10.64177822793729,7.926313780752745,7.768338617814573,23.451554518231465
37060,68671,19,35.885274715673276,10.764366326396878,18.541499322858268,13.528386072723567,9.025464897846254,10.865042011911868,25.92732885788761
37100,841902,188,33.57719698967338,14.26378521490625,16.752089316808846,14.545435573261496,7.033681948730376,8.921199735836238,24.30051680599405
37120,49455,14,36.662325346274386,16.912308158932362,21.587875846729347,15.314461631786473,10.905180467091297,11.284349408553231,25.69922353654838
37140,14135,4,33.6776936681995,16.86776087725504,16.358648744251855,12.437007428369297,8.46133003183587,8.586225680933852,24.701146091262824
37220,51698,14,35.97629308677319,16.254087198731092,17.560396920577197,13.031459630933497,8.759478122944795,9.430856125962318,25.694756083407484
37500,45954,12,36.076123950037,13.065247856552203,19.15659355007181,14.132047264655963,10.527684205945075,10.138251294773035,27.20700047873961
37620,89474,30,32.75080693832845,18.841548382770412,16.49864988711805,12.355395980955363,11.123100565527414,9.08291906028567,21.641515971120104
37740,53419,16,32.333772627716726,16.258767479735678,20.057047118066603,13.986358786199668,10.205046893427433,11.138293491079953,28.82176191991614
37800,33487,10,30.64755278167647,7.753546152238182,9.633807149042912,7.561062501866396,5.1807895601278116,5.661573147788694,22.193597515453757
37900,368011,95,33.40768319425234,14.701782555412743,14.685795533285692,11.784740673512475,8.05692058117828,7.972115507416896,23.93486716429672
37940,35952,10,33.4023753894081,10.496217178460169,16.36907543391188,12.040481753449042,9.150851134846462,8.499910992434357,23.895886181575435
37950,34072,10,30.265640408546606,9.396930030523597,10.283737379666587,8.245670932143696,6.085604015027002,6.09061399389528,20.285178445644515
37980,2026338,503,32.17461390942676,10.910172982000041,14.892469469555426,12.814732191766625,8.00060552583034,8.191809559905604,23.13201183613
38060,4848321,1083,32.479634124885706,12.426257069199833,17.29706349888962,12.878816563507243,7.500098322697692,9.244041865214783,25.63627816722531
38100,56351,16,35.71311423044844,10.122831892956645,18.573201895263615,13.378924952529681,8.642993025855796,9.856359248283084,26.886878671185958
38220,73022,25,37.95556818493056,20.27058968530032,27.212575662129225,21.630010133932238,16.91055161458191,13.997488428144944,32.796792747391194
38240,100759,29,29.618848936571425,8.816327077481914,11.20019849343483,9.07772308180907,6.1147242429956625,6.400379122460525,20.157482706259493
38260,39012,12,35.67793755767456,11.410366041218087,16.375228134932843,12.947080385522401,10.57662514098226,9.456034040807957,20.69219727263406
38340,128763,40,32.651459658442256,15.058031422070005,12.056224225903405,10.151698080970466,7.086409139271375,7.504482654178607,23.09663878598666
38420,51842,12,31.22151923151113,14.318363489062921,13.083387986574593,9.739815207746615,5.888409011997994,7.524599745380193,20.363334747887812
38460,77441,21,32.753010679097635,14.35253160470552,14.875305070957245,12.455838638447332,8.068284242197285,8.282735243604812,23.03974638757247
38500,46208,12,33.364778826177286,8.945152354570636,15.317901662049863,11.256594096260388,8.155817174515237,7.931568126731304,23.837967451523546
38540,87009,23,31.542088749439714,10.783092553643876,15.085050971738555,11.36858830695675,7.903304255881577,8.56250158029629,20.614595041892215
38620,43859,11,32.41030803255888,17.435472764996923,19.58041907020224,14.069680111265646,10.87632412959712,10.198369775872685,24.943450603068925
38700,35771,10,33.65659053423164,13.815557295015516,14.273408627100165,11.404070336305944,7.241477733359425,7.5212826032260764,24.747440664225206
38740,42280,12,33.00789735099339,18.649735099337747,20.69458845789972,15.621693472090826,12.436979659413435,11.544950331125827,21.493725165562918
38860,552916,146,31.14689229467044,11.377293295907515,8.819925088078481,8.688549616940005,6.550337483451375,6.944365509408301,21.750523406810434
39020,73716,21,36.53564355092517,18.399966086060015,19.077964078354768,13.418207716099626,10.678118725921104,10.079806283574799,22.0233165120191
39150,237830,72,28.395564058361014,9.51773157297229,12.370408274818146,9.330787957784972,6.016981457343482,6.99427111802548,24.009661522936554
39220,20338,5,31.770183892221457,9.978242698397088,16.44350476939719,11.918561313796834,8.483769298849444,8.564116432294227,21.09408004720228
39300,1670949,376,34.916908535209636,16.248157663698894,16.33816645511024,13.9859606726477,8.80024010307915,8.799346479156455,23.261035076474503
39340,677468,155,35.06113587652849,6.411509178293292,11.483257807010812,9.625988681384213,6.541031605920869,7.186150637373277,19.035596515259762
39480,95687,26,31.642321318465417,9.74113097912987,12.247516381535632,10.139666830394933,6.9714872448713,7.101173618150846,24.32111049567862
39500,75570,23,32.52022363371709,13.8,13.973748842133121,10.954074368135503,7.563201005690089,7.7143641656742075,22.750805875347357
39540,197068,46,28.371501207704956,15.56161832463921,15.695191000060893,11.91807802382934,7.054897801774008,8.021541295390426,21.172854547668827
39580,1420820,297,31.87542081333315,9.60982362297828,12.376869976492447,10.440542081333314,6.880718387973142,7.137100336425445,21.031829436522575
39780,65484,14,34.974932808014174,20.11029869891882,19.396250992608884,15.383512002932015,8.837914605094374,10.51843351047584,25.73565756520677
39820,181852,50,34.95301069001165,15.119266216483734,14.398479532806897,11.739511800805051,7.039009194289862,8.541152695598619,25.06980951543013
39860,47697,11,28.256085288382916,8.096962073086356,11.100681384573452,8.927924188104072,5.577189341048704,6.849556575885275,20.99471874541376
39900,550046,152,37.50101864207721,12.909163415423437,15.99896081418645,13.350175803478256,8.354679063205625,9.066319725986554,25.20849183522833
39940,66006,15,33.78986910280883,15.230165439505502,19.37677180862346,13.351837711723178,9.374568978577704,12.525999151592279,20.80409053722389
39960,46683,12,30.351856136066665,13.745646166698798,12.57940577940578,9.493749330591434,5.6199772936615044,6.825964483859221,20.41592442645074
39980,66522,18,33.626824208532526,12.26397131775954,17.859296172694748,12.695610474730167,9.942632512552237,9.133367908361143,24.597853341751602
40060,1315578,328,34.47354311184894,13.257014939441067,15.057342248046108,12.744797419841317,8.596138123319179,8.526935613091736,22.519371865446217
40140,4600630,979,37.76862877475476,20.195419366478067,22.887012952573887,18.96471696267685,9.51190182648898,11.586904402223174,29.246079623877602
40220,314708,78,33.09188867140333,12.706535582190476,14.074060081091043,11.155704970957206,7.663771496117036,7.915623371506284,21.134347395045566
40260,66300,26,35.085589743589736,27.681734539969835,28.533438914027148,20.415748114630464,15.274087481146305,14.191164404223228,27.574176470588238
40300,51672,13,32.18020591422821,12.708625561232388,13.495593358104971,11.057522449295558,6.903694457346338,7.235158306239357,23.8783074005264
40340,225911,52,28.06623537587811,7.39606570729181,10.1873246543993,8.321064489998273,5.336658241519891,6.55670153290455,19.574198246212006
40380,1056313,299,32.81023124774569,14.335194019196962,14.913623140110934,12.971427408353396,8.387449647973659,8.470656046077252,23.192545107368744
40420,338046,89,34.69994290717831,19.87492293948161,20.112651236813925,15.733772622660823,10.396926453796228,10.344705158469559,26.776036989048826
40460,43149,11,34.26125518551994,24.45590627824515,25.398565436047186,18.59105657141533,13.910085981135135,13.262536791119144,25.348879464182254
40580,144082,39,33.55649907691454,20.70563082133785,22.759037214919278,17.55487222553824,12.358695742702071,11.686378589969603,25.856984217320694
40620,44843,12,32.50057534063288,12.747608322369155,15.238550052405058,11.931188814307694,9.42549561804518,9.836502910153202,19.779767187743907
40660,98541,26,36.4182756416111,15.84109659938503,19.202527881795394,14.900675860809207,9.752269613663348,10.15998416902609,22.967796145766737
40740,64701,17,34.497029412219284,23.30176504227137,26.689074357428787,20.4806757237137,14.13387119209904,13.496755846122934,25.701978331092253
40760,20222,9,31.904109385817428,13.642072989813075,15.736826228859657,12.147191177925032,8.653026406883592,8.355503906636336,22.2847690633963
40770,32011,11,36.12533816500578,18.82115522789041,24.45604635906407,16.27279372715629,10.986954484395987,11.821145856111961,24.546646465277558
40780,83817,23,33.447960437620054,12.752408222675593,19.973248863595693,14.587100468878631,10.566605819821755,10.51851175775797,26.335332927687706
40820,48323,12,37.87290110299444,26.669041657181882,28.198516234505306,20.10083190199284,16.303244831653664,15.706582786664734,28.756494836827176
40900,2394153,558,37.18004179348605,15.240523684158866,15.734357829261539,13.435275314484914,7.455966306246928,9.027682190737183,27.1020875858811
40940,38453,9,32.43601279484045,16.200970015343405,21.49132187345591,16.172917587704468,10.55156684784022,11.630772631524199,27.84308636517307
40980,189821,61,34.77474304739729,21.993645065614444,21.9197870625484,15.419604785561136,12.450836314211811,11.100277629977715,25.333010573118887
41060,199922,47,30.880121747481514,10.670297415992238,13.695072078110464,10.865939216294356,7.035424315483038,8.34908014125509,22.033640619841737
41100,183297,35,30.462816630932313,6.362662782260484,11.631501879463384,8.608595339803706,6.340849004620915,6.61734070934058,18.066662847728004
41140,121952,37,30.538067436368408,12.608721464182626,15.360067895565468,12.734161801364474,9.654368112044084,9.105975301758068,19.735657471792177
41180,2813523,695,32.451592611825106,12.426265219797386,14.239348816412734,12.736589891036965,9.418070831480675,8.486581840631835,21.647043262130786
41400,101723,25,33.06552402111617,13.435704806189356,15.256757075587625,11.529475143281264,8.656242934242993,8.074305712572379,20.7770238785722
41460,59928,15,31.00309371245495,8.728155453210519,13.935671138699773,11.424234080897076,8.839886196769458,7.573875317047124,21.53713623014284
41500,428748,100,36.095226100180064,21.369389478201647,24.68366616287423,20.185621857128197,10.044270293972218,12.483672460279696,28.30203312901751
41540,128487,27,34.94715418680489,17.398408399293313,19.036237907336925,15.180403464941978,10.646308965109307,10.138146271607244,25.39463681150622
41620,1252733,264,36.13620707684718,6.947160807610242,14.743429126557693,11.655253753194017,7.337772773607785,7.603793705442421,22.790562793508272
41740,3283417,731,36.360827059127736,15.240712952390757,16.493714870819026,14.332471598947075,6.9559298133621175,8.983368637002245,28.55644126225819
41760,47976,16,26.383220777055193,8.79917667166917,11.349089127897283,8.762718859429715,6.077065616141405,6.779748207437052,18.596981824245457
41780,115177,33,33.17737742778506,10.790452086788163,12.717565138873212,10.167296422028704,7.493311164555423,7.009591324656833,20.248764076161038
41820,63560,16,34.269063876651984,16.82281938325991,20.093691000629327,15.722874449339205,10.311150094398993,10.605896790434237,24.356763687853995
41860,4689433,1085,36.54903360384934,11.77077021891559,13.997103210558718,11.64338513845917,6.052146602798249,7.648293770270309,26.772213421110823
41940,1981584,420,38.4381705241867,9.663282757632278,12.781417189480738,10.821593482789526,5.15009048316902,6.929598745246227,28.33797734539641
42020,276416,67,34.20218619761519,13.239518334683957,13.97698686038435,11.35938838562167,6.418095913405882,8.228627141699466,24.31598677355869
42100,268571,69,35.28096481005023,13.691331528720523,15.684685613860022,13.121223065781487,7.050610453101787,8.851205454051257,24.03559245041349
42140,154146,55,31.713777846976257,12.77051885874431,16.279725065846662,13.22789822635683,8.854334202639057,8.554711118030959,22.261566307267138
42200,445164,105,36.62421691781006,18.425697945027,20.50943045708997,16.40707649315758,8.734869396447152,10.980272438921386,26.22354547986809
42220,488436,121,31.99982208518619,11.946391543620864,13.373502362643212,11.7511020891171,6.152365714238917,7.651965457091616,23.95884783267409
42300,35020,12,33.57880068532267,18.18604511707596,18.661070816676183,13.682838378069674,10.588946316390635,10.461936036550542,23.916067961165048
42340,406575,110,36.838486380126675,14.526580089774335,17.562615015679764,14.772638504580954,9.793324232921353,9.803755518661992,23.004885937403927
42420,36718,12,30.99209651941827,11.365978539136119,16.16332316574977,11.347339179693883,7.487504766054796,7.939838771174901,20.710820306116894
42460,52618,16,33.742126268577294,15.599762438709188,20.246210422288954,13.149422250940743,9.3400186248052,10.150009502451633,24.767366680603597
42580,240668,73,29.626592234946067,11.94168647265112,13.966230658001894,10.413932886798412,6.998517044226901,7.308265328169927,19.814786760184155
42620,77118,19,33.57457143598122,12.398764231437537,19.86244326875697,13.695714359812238,10.176366088332166,10.146201924323764,26.38925802017687
42740,43059,11,31.52913908822778,12.592545112520028,15.586107433985928,13.32847023850995,9.598646043800368,9.303002856545671,20.460837455584198
42820,38326,17,38.60071231018108,32.4642827323488,34.663132077440906,24.257287481083335,19.010603767677296,16.983961279549128,30.425705787194076
42860,78775,20,30.052766740717235,10.612507775309425,16.97365280863218,11.65038273563948,7.976856870834655,8.26173151380514,21.550381466201205
42900,32651,10,33.35368901411901,14.474855287740038,15.100652353679825,12.319291905301522,7.567722274968608,8.124752687513398,24.498015374720527
42980,46212,11,33.097219336968756,9.116205747424912,15.62292694538215,11.802806630312471,8.385094780576473,7.977527482039297,23.310399896130875
43020,45127,14,31.40612493629091,15.863649256542647,14.946397943581447,11.222784585724732,6.780319985817805,8.246019013007734,21.302865246969663
43060,72734,20,34.11850991283306,16.544385019385707,19.12659966453103,13.974339373607942,10.625124425990597,10.135088129348036,25.172153325817362
43100,117741,28,30.02097230361556,12.000473921573626,11.688576621567679,9.326774020944278,5.320544245420034,6.412096890632831,19.984518561928297
43140,99527,24,33.40119766495524,15.991738925115799,17.994262863343614,13.548030182764474,9.563876134114361,9.650159253267958,23.074613923859857
43320,107110,37,32.971334142470354,23.171826160022405,27.400939221361213,18.99782840070955,14.74718887125385,16.135893940808515,31.16203809168145
43340,391957,115,37.41292131534837,24.4159083777047,27.0616817661121,19.96744464316239,15.53246402028794,13.5565590102996,29.888823008646362
43380,48145,10,34.871039567971756,11.484525911309586,13.47555301692803,10.632215183300447,7.8146868833731435,7.490462145601827,20.992987849205527
43420,125504,38,29.65410584523202,14.78615821009689,18.45802364864865,13.847178575981642,9.326736996430391,9.565931763131053,25.712865725395204
43460,50360,15,32.71483915806195,16.98665607625099,19.219094519459887,15.60915806195393,11.611330420969022,10.756360206513106,20.85398729150119
43500,28006,10,31.745925873027208,17.262550881953867,20.23271441833893,14.823491394701136,10.361336856387917,10.208376776405057,22.333464257659074
43580,126834,33,33.47157307977356,14.4061347903559,17.231188797956385,13.278679218506081,8.728778560953687,9.303525868457983,25.931602724821417
43620,9659,3,29.62803602857439,8.680536287400352,11.568071228905684,8.925716947924215,5.738182006418884,7.055699347758567,20.504493218759706
43640,266168,58,31.98248211655796,12.27361140332422,15.676690661537075,12.514189910131947,8.894856256199091,8.248385981785939,24.546989119653748
43760,52955,17,31.395197809460868,12.537875554716267,12.13638938721556,10.047587574355587,5.942441695779435,7.286539514682278,23.16662449249363
43780,323992,97,34.3134722462283,11.877522284500852,17.001078730339017,12.945658843428232,9.9329702585249,9.135050248154275,24.947587286105833
43890,46208,9,30.994189317867036,16.287644996537395,14.594654605263159,11.052545013850416,6.6151986668975065,7.85910881232687,20.98323666897507
43900,357277,97,33.21398186841022,13.174188094951534,20.057255574806103,15.163021968948463,10.182909899041919,9.835623339873543,25.874521169848606
43980,16423,5,30.94548499056202,9.954904706813616,11.30093162028862,8.590519393533459,6.108366315533094,6.3663155330938315,23.09232783291725
44020,17692,6,29.118087271082977,7.5221738638932845,8.903668324666516,7.05443138141533,4.9845692968573365,5.271693420755144,21.075073479538776
44100,208406,57,33.09875291498326,15.312960279454526,14.91479995777473,12.120413999596941,8.353685594464652,8.089827068318572,23.938931700622824
44140,464575,104,37.304128504547165,25.13168465802077,20.96322617446053,17.51170209331109,11.696275090136146,11.641507399235861,28.990672980681264
44180,476972,116,31.764168756237268,11.509091309343104,14.21486774905026,11.874281089875296,9.044505966807277,8.850353270212928,19.128182367099114
44220,135877,45,34.99200011775356,15.556543785924035,17.19953781729064,12.968143247201512,9.920171920192528,9.256980946002633,22.32767061386401
44260,61330,16,36.554100766346,12.554661666394914,20.15166313386597,15.102771889776617,10.389955975868254,12.381814772541984,26.05648296103049
44340,90588,23,38.41870777586435,18.22376584095024,21.12019362387954,16.51074424868636,11.187986267496798,12.251299289089062,25.52814169647193
44420,125355,30,33.10402297475171,10.918322364484862,12.678773084440191,10.16948506242272,6.73068166407403,7.231118822543974,20.838105380718766
44580,55569,19,31.788794111824938,14.039138728427723,14.564476596663608,11.519028595079991,7.2444708380571905,7.628859615972935,24.300034191725604
44620,70281,15,30.42499395284643,12.08212319118965,12.005934747655838,8.903747812353267,5.275839842916294,6.622455571207013,18.790079822427117
44660,81598,22,33.53917620529915,16.93976445501115,19.501360327459007,13.470357116595995,10.780754430255644,11.11950292899336,23.893986372215004
44700,777816,173,36.1744987246341,19.624981229493862,22.29290487724603,17.798682721877668,9.295094983903647,11.430061994096292,29.495195778950297
44740,20687,6,35.22253589210615,14.641320636148306,18.705457533716828,13.838444433702326,8.52297578189201,9.357804418233673,27.39865616087398
44780,60887,18,33.109455220326176,15.913301690015931,16.74273490236011,12.310685367976744,8.79856291162317,8.74181516579894,23.35962192257789
44900,24902,9,39.01316761705887,21.160665809975104,23.37409846598667,16.978708537466872,11.494895992289775,12.116890209621719,25.183487270098784
44940,105199,26,34.32190990408654,17.429013583779312,24.24504700615025,18.443223794902995,13.083200410650294,11.953171608095133,26.287542657249592
45000,31873,9,36.63906754933643,19.89417688953032,20.553710036708182,17.0322498666583,9.434185674395255,11.369852226022026,29.076685595958963
45060,658282,204,33.13931324265284,14.996402453659678,15.53071373666605,13.11345988497331,8.519965759355413,8.870136203025451,23.62592505947299
45140,47412,13,33.955433223656456,19.10984139036531,22.653657301948872,16.387334430102083,12.686786045726821,12.584155909896229,26.114696701257067
45180,91434,27,35.57545333245839,18.202770304263186,22.94230155084542,16.402619375724566,11.556627731478441,11.415533608941969,26.25012030535687
45340,34475,10,31.30635532994924,13.62014503263234,17.453725888324875,13.279054387237126,9.277401015228428,8.963376359680927,22.379791153009425
45380,33893,10,33.3978963207742,14.21070722568082,14.347673560912282,11.221104652878177,7.315661050954474,7.5593101820434905,24.882226418434488
45460,169030,51,33.65309353369225,11.551128202094302,17.21233627166775,12.444925752824943,9.741706797609892,9.139129148671834,22.52873276933089
45500,54599,19,33.40834264363816,17.550057693364348,24.07553435044598,17.802626421729336,14.022619461894909,12.218656019341013,28.586294620780606
45580,27638,8,37.802503799117154,20.30027498371807,22.2345538750995,17.13362399594761,11.851023952529125,11.649829944279615,25.978866053983648
45620,71740,22,36.60953721773069,19.20590465570114,21.540395873989404,17.104866183440198,11.570988291051018,11.224343462503487,24.908350989684973
45660,55062,14,34.849545966365184,10.908432312665722,13.253606843194941,10.534831644328213,7.591520467836257,7.502168464639859,21.478251788892525
45700,50141,15,37.63501725135119,23.04400789772841,25.304469396302427,19.489695059930995,13.483281147164996,13.133798687700683,26.190157755130528
45740,26732,8,36.353826874158315,16.207896902588658,18.44941642974712,13.906322011072872,9.235029178512644,9.93767394882538,23.48976507556487
45780,604180,209,36.361703300340956,15.800761693535039,17.42263348670926,13.709656724817108,10.54445281207587,9.56490449865934,22.02131086762223
45820,232995,60,30.72179789265864,8.902983755016203,14.368270992939763,11.70975857851027,9.003261014184854,7.576746282109059,20.69864203094487
45860,112696,37,29.840491233051747,8.201606978064884,10.511146802016043,8.856760665862142,5.974204053382553,6.2152853694895995,23.290813338539078
45900,153733,44,30.63647102443847,10.241814054236892,11.04292377043315,8.661727150319058,6.39033779344708,6.323979236728614,20.274231947597457
45940,383001,83,32.88340474306856,11.548135644554453,17.597834731502005,15.18775199020368,8.986843898579899,9.044340615298655,25.723501766313927
45980,32997,11,36.93324241597721,19.44158862926933,24.715786283601542,17.101627420674607,12.262048064975605,13.20353062399612,25.640779464799827
46020,102322,26,30.92394890639354,11.117802623091809,10.574678954672503,9.01223490549442,5.447502003479213,6.474934031782021,21.76212446981099
46060,1035097,264,32.22046088434224,13.038546435744669,16.77230771608844,12.603246169199602,8.755503783703363,9.774356316364553,25.70652373642277
46140,1017724,313,34.33479312662372,16.244890657977997,19.025805719428842,14.754759640138191,11.060777381686979,10.028230247100392,25.92631096446581
46180,132176,36,36.69750938143082,9.779006778840335,17.865100320784407,13.410634305774119,8.725933603679943,9.688390479360853,27.20060903643627
46220,272931,76,35.13238510832408,17.974501247568067,23.3176289978053,16.649481004356417,11.914339888103585,12.11886740604768,25.27734922013256
46300,115066,23,30.741467505605478,12.296309943858308,16.743983452974817,13.20583491213738,8.44219578328959,9.19161350876888,21.68516069038639
46380,91145,23,35.02880355477536,18.608430522793352,18.901696198365244,15.054177409622028,8.461424104448957,10.066574140106425,25.89048768445883
46500,38715,10,34.393689784321325,9.82606999870851,12.172018597442852,9.827557794136638,7.035402298850574,6.797543587756684,21.04168410176934
46520,1008229,313,32.791688197820136,12.006982540672803,17.85360944785361,11.192276754586509,5.815530102784188,7.440113208408011,30.850154280426366
46540,290359,90,32.438493037928914,15.920345847726436,16.279580794809185,13.342290406014621,8.501567370048802,8.97280779999931,23.5176695056809
46660,148203,40,38.59917882903854,22.01867438580865,24.15502655141934,19.08667503356882,13.21425949542182,12.966446698110026,25.7536446630635
46700,445221,98,36.82760696373262,15.417335884875154,17.140217554877243,14.541039843134085,7.809092338411711,9.322159107499422,28.64248294667143
46780,28833,9,34.38924843061769,10.382183609059064,12.571154579821734,10.130947178580099,7.320164394964102,7.09282072625117,21.04089064613464
46860,35951,8,33.56173124530611,9.516711635281355,16.186681872548746,12.138257628438708,8.66154766209563,8.630900392200495,22.195107229284304
46980,44341,13,34.33589679980154,14.121997699645924,22.581116799350486,17.107573126451815,11.65892740353172,11.914731287070657,28.533936988340365
47080,35633,12,38.03018830859035,19.950094013975807,22.671809839194008,17.301279712625938,11.650907866303706,11.744296017736366,25.25994443353072
47180,36148,11,33.08215945557154,9.277235255062521,14.979221533694808,10.989700675002767,8.279080447051012,8.026717937368597,23.364313378333517
47220,145878,38,34.71317950616268,18.721681130807934,25.14110832339352,20.29067165713816,12.633852945612086,12.779707015451267,26.29224968809553
47240,20543,4,31.04563111522173,11.112724529036655,9.369576011293384,8.725040159665093,5.911527040841163,6.310276006425546,21.588945139463565
47260,1777429,473,35.52021245293061,13.987285849392578,16.008908485233448,13.35894159485414,9.145741067575695,9.105569730211446,22.744639138891063
47300,472885,102,36.99679182042144,27.05229918479123,28.61043932457151,22.861783520306197,12.111986846696343,14.491713630163785,29.05574864924876
47340,31032,8,31.631889662284095,7.726695024490848,13.341163959783449,9.556096932199022,7.16879994844032,6.898498324310388,21.402703660737302
47420,23002,8,29.478362751065127,7.683662290235632,11.200139118337535,8.911916355099558,5.927519346143814,6.817963655334318,20.634175289105293
47540,46263,11,33.791422951386636,8.627708968289992,10.934634589196552,9.155936709681603,6.504655988586991,6.322095411019606,20.385515422692
47580,192171,46,37.49373682813744,14.079935057839114,17.33047962491739,15.060687616757992,9.904402329175579,9.556569929906178,24.39692409364577
47660,54025,14,32.961073577047664,10.508122165664043,13.9544081443776,12.11168162887552,8.872897732531236,9.281186487737159,20.784336881073575
47700,80442,21,31.80216304915342,7.639639740434102,13.872725690559658,10.464920066631857,7.473633176698738,7.327969220059173,22.54905646304169
47780,33337,8,36.12968173500915,11.323751387347393,18.54540000599934,12.79784623691394,9.150715421303657,9.127296997330294,25.22327443981162
47820,44711,13,32.52220929972489,16.102390910514195,18.05539800049205,13.241419337523205,9.344568450716825,9.35828766970097,22.499702534052027
47900,6237790,1452,34.20272051479771,10.554628690609976,14.045889024798846,12.267733027242022,7.53485413904604,7.471132660766072,22.765820859631376
47920,28901,7,35.17382443514065,14.76761703747275,16.403217881734196,12.288426006020552,9.082581917580704,8.70338050586485,22.274205044808134
47930,451887,98,33.67486716811947,12.715870117971969,15.590547858203488,13.55006008139203,9.16346785811497,8.698303336896169,25.503112061201143
47940,168404,51,31.580613880905442,12.527169188380325,13.367426545687751,9.700368162276432,7.255933350751765,7.920178261799007,23.215164129118072
48020,85932,21,30.95165828794861,11.039269422333938,11.001479076479077,9.277975608620771,5.191919191919192,6.352930223897966,19.77690615835777
48060,117353,34,32.63961977963921,14.326448407795285,14.971290039453615,13.190320656480873,8.081895648172607,8.72424735626699,23.970058711750017
48140,137820,32,28.611879988390655,12.286685531853141,11.741594108257146,9.21885647946597,5.185834421709476,6.446913365259034,20.217733275286605
48180,55739,16,37.5589048960333,20.93491451228045,22.519490841242217,17.133730422146073,11.794585478749172,11.78982579522417,24.822992877518434
48200,62152,20,30.7367518342129,9.720485261938475,11.904830093963186,9.01326264641524,6.175143197322693,6.703692560175054,19.831920131291028
48220,39321,11,33.35002670328832,16.045014114595258,19.113511863889524,14.038521400778208,10.235342437883066,10.027641718165865,24.09381755296152
48260,116536,38,34.55196849042356,14.959877634379076,15.151322338161597,11.473474291206148,9.461644470378252,8.404642342280498,21.503190430424933
48460,39960,10,31.69570570570571,16.754897397397396,18.574091591591593,13.96755755755756,10.84919169169169,10.551634134134135,20.09426926926927
48540,139287,50,33.14498696935105,14.926189809529964,14.588066366566872,11.344597844737843,9.536258229411215,8.156630554179499,21.494880354950567
48580,105127,29,30.96162451130537,12.235092792527132,11.994170860007419,9.456269084060233,5.354736651859179,6.975058738478221,20.22017654836531
48620,646794,167,33.37090526504575,10.086098201282015,16.199003392115575,13.492236940973479,10.14634041132107,8.427930840422142,23.823301700386832
48780,39076,8,33.659391954140645,7.990260006141878,13.410453987102057,11.386439246596376,6.903252635889037,7.540001535469343,24.570288668236255
48820,43686,12,30.652424117566262,11.08802591219155,14.40012589845717,11.091766240900974,7.000622625097284,8.515471775854966,21.20313143798929
48900,428919,109,30.859168747479128,10.433068015173028,12.419891168262541,9.85364136352085,6.858559308400886,7.2126599661008255,20.119942226854022
48940,42077,10,35.777194191601104,12.606775673170617,14.547298999453385,11.262644675238256,8.5361789100934,8.049117094849919,20.81781971148133
48980,78667,25,32.91184613624519,25.375825949890043,26.408102508040223,19.32384608539794,14.294481803043208,13.528405811839779,25.59372545031589
49020,143385,34,32.80138159500645,11.807704432123305,13.60105380618614,10.971994281131222,7.441814694703073,7.653790842835722,21.592880008369075
49080,17266,5,35.28766361635584,14.513975443067299,17.495465075871657,14.331425923780841,9.01673230626665,9.60261206996409,25.925564693617513
49100,49792,13,31.56300811375321,9.082264219151671,11.966223489717223,8.985901349614396,5.955203647172235,7.888747188303343,20.439152875964012
49180,678243,169,32.388922701745535,14.58790374541278,16.87072258762715,13.070102898223794,9.024994139268669,9.231775337157922,22.575735835091553
49220,74138,17,28.660322641560334,13.035552618090588,12.177038765545335,9.221840351776418,5.4348741536054375,6.639526288812754,20.461345059213897
49260,20411,5,32.35139875557298,14.956391161628535,17.94144333937583,13.429704571064622,9.678604673950321,9.032600068590467,25.084150703052273
49300,116680,32,35.25333990401097,10.958241343846419,13.511463832704832,10.306731230716489,7.341309564621186,7.474193520740487,21.295806479259515
49340,854808,189,34.57340034253306,16.66167537037557,14.415735112446303,11.97952101524553,8.259437674893077,8.466351859130938,24.503191242945782
49380,22194,6,32.2296611696855,14.680535279805353,20.83451383256736,15.191574299360187,8.806177345228441,11.024849058304047,24.95006758583401
49660,428869,128,33.84768052715398,16.92309446474331,17.974393113048507,13.38579053277341,10.508975701204797,9.58963483021622,21.945042425542532
49700,180806,40,37.46419311306041,20.39501620521443,21.18166543145692,16.64635742176698,9.114765549815825,11.220687919648684,28.759826554428503
49740,204239,64,33.25684957329403,19.445281753240074,26.159303561024096,19.571089263069247,11.280624170701973,12.316010164562107,28.284980341658546
49780,86393,21,33.92346717905386,14.347640433831447,15.162777076846506,11.681210283240539,9.111686131978285,8.441701295243828,20.837360665794684
