hrsn_measure,hrsn_label,outcome,outcome_label,beta_std,se,pvalue,ci_lower,ci_upper,r_squared,adj_r_squared,n_obs,significant_05,model_type,pvalue_fdr,significant_fdr_05
loneliness,Loneliness/Social isolation,diabetes,Diabetes,0.0158,0.0354,0.654740215247464,-0.0536,0.0853,0.8754,0.8753,60156,False,mutually_adjusted,0.6826015010026752,False
foodstamp,Food stamps/SNAP,diabetes,Diabetes,0.3087,0.0644,1.6104586740688882e-06,0.1826,0.4348,0.8754,0.8753,60156,True,mutually_adjusted,2.6304158343125174e-06,True
foodinsecu,Food insecurity,diabetes,Diabetes,2.3405,0.1075,4.335233246026265e-105,2.1298,2.5512,0.8754,0.8753,60156,True,mutually_adjusted,2.12426429055287e-103,True
housinsecu,Housing insecurity,diabetes,Diabetes,-1.4262,0.1244,1.9702900945990514e-30,-1.67,-1.1824,0.8754,0.8753,60156,True,mutually_adjusted,1.206802682941919e-29,True
shututility,Utility shutoff threat,diabetes,Diabetes,0.7612,0.08,1.8027001451285417e-21,0.6044,0.9179,0.8754,0.8753,60156,True,mutually_adjusted,5.8888204740865696e-21,True
lacktrpt,Transportation barriers,diabetes,Diabetes,-1.416,0.1244,5.200544859193437e-30,-1.6598,-1.1721,0.8754,0.8753,60156,True,mutually_adjusted,2.8314077566719824e-29,True
emotionspt,Lack of social support,diabetes,Diabetes,-0.0773,0.0372,0.03759118129246819,-0.1501,-0.0044,0.8754,0.8753,60156,True,mutually_adjusted,0.042836462403045145,True
loneliness,Loneliness/Social isolation,depression,Depression,0.5386,0.0546,5.475409631505454e-23,0.4317,0.6455,0.6203,0.6202,60156,True,mutually_adjusted,2.0791682386228606e-22,True
foodstamp,Food stamps/SNAP,depression,Depression,0.5591,0.0884,2.570538396359215e-10,0.3858,0.7325,0.6203,0.6202,60156,True,mutually_adjusted,4.665051163763021e-10,True
foodinsecu,Food insecurity,depression,Depression,-0.7114,0.2106,0.0007280402988734684,-1.1241,-0.2987,0.6203,0.6202,60156,True,mutually_adjusted,0.000990943740133332,True
housinsecu,Housing insecurity,depression,Depression,-1.403,0.2252,4.631908018995044e-10,-1.8443,-0.9617,0.6203,0.6202,60156,True,mutually_adjusted,8.105839033241327e-10,True
shututility,Utility shutoff threat,depression,Depression,1.1156,0.1662,1.919559693831503e-11,0.7898,1.4414,0.6203,0.6202,60156,True,mutually_adjusted,3.919101041572652e-11,True
lacktrpt,Transportation barriers,depression,Depression,0.4895,0.1669,0.0033577271388317647,0.1624,0.8166,0.6203,0.6202,60156,True,mutually_adjusted,0.004260502486405562,True
emotionspt,Lack of social support,depression,Depression,-0.609,0.0702,4.199360282391556e-18,-0.7466,-0.4713,0.6203,0.6202,60156,True,mutually_adjusted,1.0288432691859312e-17,True
loneliness,Loneliness/Social isolation,casthma,Asthma,0.0573,0.0509,0.2605329341017366,-0.0425,0.1571,0.7225,0.7224,60156,False,mutually_adjusted,0.29013894934057033,False
foodstamp,Food stamps/SNAP,casthma,Asthma,0.9315,0.09,4.256238137588455e-25,0.7551,1.1079,0.7225,0.7224,60156,True,mutually_adjusted,1.8959606249257666e-24,True
foodinsecu,Food insecurity,casthma,Asthma,-1.8439,0.2069,5.087630489397841e-19,-2.2495,-1.4383,0.7225,0.7224,60156,True,mutually_adjusted,1.384966077669412e-18,True
housinsecu,Housing insecurity,casthma,Asthma,0.1436,0.2693,0.5939353437963186,-0.3843,0.6715,0.7225,0.7224,60156,False,mutually_adjusted,0.6326702575221654,False
shututility,Utility shutoff threat,casthma,Asthma,0.7322,0.1202,1.113651427141945e-09,0.4967,0.9678,0.7225,0.7224,60156,True,mutually_adjusted,1.88168689413639e-09,True
lacktrpt,Transportation barriers,casthma,Asthma,0.5704,0.1913,0.002868678364733529,0.1954,0.9453,0.7225,0.7224,60156,True,mutually_adjusted,0.0037990605370795383,True
emotionspt,Lack of social support,casthma,Asthma,-0.1946,0.0664,0.003391012183057488,-0.3248,-0.0644,0.7225,0.7224,60156,True,mutually_adjusted,0.004260502486405562,True
loneliness,Loneliness/Social isolation,obesity,Obesity,-0.1042,0.0371,0.004959696477519863,-0.1768,-0.0315,0.8088,0.8087,60156,True,mutually_adjusted,0.006075628184961832,True
foodstamp,Food stamps/SNAP,obesity,Obesity,0.019,0.0721,0.79219541035837,-0.1223,0.1602,0.8088,0.8087,60156,False,mutually_adjusted,0.8086994814075028,False
foodinsecu,Food insecurity,obesity,Obesity,0.6139,0.1606,0.0001328051238104756,0.299,0.9287,0.8088,0.8087,60156,True,mutually_adjusted,0.00019719548687010014,True
housinsecu,Housing insecurity,obesity,Obesity,-0.4373,0.1635,0.007500468633105536,-0.7578,-0.1167,0.8088,0.8087,60156,True,mutually_adjusted,0.008750546738623126,True
shututility,Utility shutoff threat,obesity,Obesity,0.7607,0.1084,2.224980798957654e-12,0.5483,0.9731,0.8088,0.8087,60156,True,mutually_adjusted,4.740176484735871e-12,True
lacktrpt,Transportation barriers,obesity,Obesity,-0.3917,0.1404,0.005276976914347494,-0.6669,-0.1165,0.8088,0.8087,60156,True,mutually_adjusted,0.0063066309464152965,True
emotionspt,Lack of social support,obesity,Obesity,-0.4629,0.0493,6.132554956969342e-21,-0.5596,-0.3663,0.8088,0.8087,60156,True,mutually_adjusted,1.878094955571861e-20,True
loneliness,Loneliness/Social isolation,chd,Coronary heart disease,-0.1035,0.0286,0.0002881707932073784,-0.1595,-0.0476,0.8505,0.8505,60156,True,mutually_adjusted,0.00040343911049032973,True
foodstamp,Food stamps/SNAP,chd,Coronary heart disease,0.4964,0.059,4.110614211301756e-17,0.3807,0.6121,0.8505,0.8505,60156,True,mutually_adjusted,9.155458925172094e-17,True
foodinsecu,Food insecurity,chd,Coronary heart disease,1.5194,0.129,5.098957642393998e-32,1.2665,1.7722,0.8505,0.8505,60156,True,mutually_adjusted,3.569270349675799e-31,True
housinsecu,Housing insecurity,chd,Coronary heart disease,-1.4965,0.1261,1.7706161992396287e-32,-1.7436,-1.2493,0.8505,0.8505,60156,True,mutually_adjusted,1.44600322937903e-31,True
shututility,Utility shutoff threat,chd,Coronary heart disease,0.6894,0.0716,5.806493934324929e-22,0.5491,0.8297,0.8505,0.8505,60156,True,mutually_adjusted,2.0322728770137254e-21,True
lacktrpt,Transportation barriers,chd,Coronary heart disease,-0.8136,0.1263,1.1789160445152588e-10,-1.0612,-0.5661,0.8505,0.8505,60156,True,mutually_adjusted,2.3106754472499073e-10,True
emotionspt,Lack of social support,chd,Coronary heart disease,-0.1313,0.0361,0.00028183396112875395,-0.2021,-0.0604,0.8505,0.8505,60156,True,mutually_adjusted,0.00040343911049032973,True
loneliness,Loneliness/Social isolation,copd,COPD,0.0208,0.0254,0.4120415013115485,-0.0289,0.0706,0.894,0.8939,60156,False,mutually_adjusted,0.4486674125392417,False
foodstamp,Food stamps/SNAP,copd,COPD,0.4527,0.0459,5.516160633081059e-23,0.3628,0.5426,0.894,0.8939,60156,True,mutually_adjusted,2.0791682386228606e-22,True
foodinsecu,Food insecurity,copd,COPD,1.2429,0.1436,5.005339439995343e-18,0.9614,1.5244,0.894,0.8939,60156,True,mutually_adjusted,1.1679125359989134e-17,True
housinsecu,Housing insecurity,copd,COPD,-1.4031,0.0992,1.886893458236591e-45,-1.5975,-1.2088,0.894,0.8939,60156,True,mutually_adjusted,2.3114444863398245e-44,True
shututility,Utility shutoff threat,copd,COPD,1.0653,0.0636,6.190996798077034e-63,0.9406,1.19,0.894,0.8939,60156,True,mutually_adjusted,1.5167942155288734e-61,True
lacktrpt,Transportation barriers,copd,COPD,-0.7973,0.0877,1.0001142971735478e-19,-0.9692,-0.6253,0.894,0.8939,60156,True,mutually_adjusted,2.882682385970814e-19,True
emotionspt,Lack of social support,copd,COPD,-0.1604,0.0362,9.189845243852877e-06,-0.2313,-0.0895,0.894,0.8939,60156,True,mutually_adjusted,1.4071950529649719e-05,True
loneliness,Loneliness/Social isolation,stroke,Stroke,-0.1171,0.0262,7.972944102872992e-06,-0.1685,-0.0657,0.8855,0.8855,60156,True,mutually_adjusted,1.2602395517444406e-05,True
foodstamp,Food stamps/SNAP,stroke,Stroke,0.4781,0.054,8.702689519929307e-19,0.3722,0.584,0.8855,0.8855,60156,True,mutually_adjusted,2.244377823560716e-18,True
foodinsecu,Food insecurity,stroke,Stroke,1.4034,0.0969,1.6210937738745936e-47,1.2135,1.5934,0.8855,0.8855,60156,True,mutually_adjusted,2.647786497328503e-46,True
housinsecu,Housing insecurity,stroke,Stroke,-1.3225,0.0959,2.8922583161717964e-43,-1.5105,-1.1346,0.8855,0.8855,60156,True,mutually_adjusted,2.8344131498483605e-42,True
shututility,Utility shutoff threat,stroke,Stroke,0.619,0.0583,2.5212575042316332e-26,0.5047,0.7333,0.8855,0.8855,60156,True,mutually_adjusted,1.2354161770735002e-25,True
lacktrpt,Transportation barriers,stroke,Stroke,-0.6476,0.1008,1.3159229562277763e-10,-0.8452,-0.4501,0.8855,0.8855,60156,True,mutually_adjusted,2.4800086482754246e-10,True
emotionspt,Lack of social support,stroke,Stroke,-0.0007,0.0255,0.9795854250282274,-0.0506,0.0493,0.8855,0.8855,60156,False,mutually_adjusted,0.9795854250282274,False
