comparison,outcome,outcome_label,variable,variable_label,variable_type,raw_gap,endowment_contribution,pct_of_gap,mean_white,mean_minority,n_white,n_minority,total_pct_explained,level
Black_vs_White,diabetes,Diabetes,loneliness,Loneliness/Social isolation,hrsn,0.082,0.0005,0.62,0.0523,0.0736,132238,13010,8.81,individual
Black_vs_White,diabetes,Diabetes,foodstamp,Food stamps/SNAP,hrsn,0.082,0.0047,5.78,0.0641,0.2125,132238,13010,8.81,individual
Black_vs_White,diabetes,Diabetes,foodinsecu,Food insecurity,hrsn,0.082,0.001,1.2,0.0319,0.0813,132238,13010,8.81,individual
Black_vs_White,diabetes,Diabetes,housinsecu,Housing insecurity,hrsn,0.082,0.0011,1.31,0.0617,0.1988,132238,13010,8.81,individual
Black_vs_White,diabetes,Diabetes,shututility,Utility shutoff threat,hrsn,0.082,0.0016,1.93,0.0458,0.1486,132238,13010,8.81,individual
Black_vs_White,diabetes,Diabetes,lacktrpt,Transportation barriers,hrsn,0.082,0.002,2.44,0.0475,0.1178,132238,13010,8.81,individual
Black_vs_White,diabetes,Diabetes,emotionspt,Lack of social support,hrsn,0.082,0.0002,0.19,0.06,0.0978,132238,13010,8.81,individual
Black_vs_White,depression,Depression,loneliness,Loneliness/Social isolation,hrsn,-0.0512,0.0058,-11.38,0.0521,0.0733,131887,12990,-164.3,individual
Black_vs_White,depression,Depression,foodstamp,Food stamps/SNAP,hrsn,-0.0512,0.0124,-24.26,0.0641,0.2121,131887,12990,-164.3,individual
Black_vs_White,depression,Depression,foodinsecu,Food insecurity,hrsn,-0.0512,0.0017,-3.31,0.0319,0.0814,131887,12990,-164.3,individual
Black_vs_White,depression,Depression,housinsecu,Housing insecurity,hrsn,-0.0512,0.0127,-24.75,0.0617,0.1992,131887,12990,-164.3,individual
Black_vs_White,depression,Depression,shututility,Utility shutoff threat,hrsn,-0.0512,0.0045,-8.87,0.0458,0.1487,131887,12990,-164.3,individual
Black_vs_White,depression,Depression,lacktrpt,Transportation barriers,hrsn,-0.0512,0.0084,-16.48,0.0474,0.1172,131887,12990,-164.3,individual
Black_vs_White,depression,Depression,emotionspt,Lack of social support,hrsn,-0.0512,0.0021,-4.19,0.0598,0.0976,131887,12990,-164.3,individual
Black_vs_White,casthma,Asthma,loneliness,Loneliness/Social isolation,hrsn,0.0248,0.0009,3.59,0.0522,0.0736,131984,13008,150.25,individual
Black_vs_White,casthma,Asthma,foodstamp,Food stamps/SNAP,hrsn,0.0248,0.0078,31.56,0.0641,0.2123,131984,13008,150.25,individual
Black_vs_White,casthma,Asthma,foodinsecu,Food insecurity,hrsn,0.0248,0.0017,6.84,0.0319,0.0814,131984,13008,150.25,individual
Black_vs_White,casthma,Asthma,housinsecu,Housing insecurity,hrsn,0.0248,0.0054,21.78,0.0616,0.1991,131984,13008,150.25,individual
Black_vs_White,casthma,Asthma,shututility,Utility shutoff threat,hrsn,0.0248,0.0031,12.37,0.0458,0.1486,131984,13008,150.25,individual
Black_vs_White,casthma,Asthma,lacktrpt,Transportation barriers,hrsn,0.0248,0.0046,18.56,0.0474,0.1175,131984,13008,150.25,individual
Black_vs_White,casthma,Asthma,emotionspt,Lack of social support,hrsn,0.0248,-0.0001,-0.22,0.0599,0.0978,131984,13008,150.25,individual
Black_vs_White,obesity,Obesity,loneliness,Loneliness/Social isolation,hrsn,0.1269,0.0003,0.27,0.0523,0.0739,127836,12495,27.06,individual
Black_vs_White,obesity,Obesity,foodstamp,Food stamps/SNAP,hrsn,0.1269,0.0083,6.58,0.064,0.2126,127836,12495,27.06,individual
Black_vs_White,obesity,Obesity,foodinsecu,Food insecurity,hrsn,0.1269,-0.0001,-0.1,0.0319,0.082,127836,12495,27.06,individual
Black_vs_White,obesity,Obesity,housinsecu,Housing insecurity,hrsn,0.1269,0.0066,5.17,0.0617,0.199,127836,12495,27.06,individual
Black_vs_White,obesity,Obesity,shututility,Utility shutoff threat,hrsn,0.1269,0.0047,3.68,0.0459,0.1493,127836,12495,27.06,individual
Black_vs_White,obesity,Obesity,lacktrpt,Transportation barriers,hrsn,0.1269,-0.0008,-0.63,0.0474,0.1174,127836,12495,27.06,individual
Black_vs_White,obesity,Obesity,emotionspt,Lack of social support,hrsn,0.1269,-0.0007,-0.58,0.0603,0.0969,127836,12495,27.06,individual
Black_vs_White,chd,Coronary heart disease,loneliness,Loneliness/Social isolation,hrsn,-0.0145,0.0005,-3.62,0.0519,0.073,131312,12911,15.75,individual
Black_vs_White,chd,Coronary heart disease,foodstamp,Food stamps/SNAP,hrsn,-0.0145,0.0013,-8.64,0.0635,0.2117,131312,12911,15.75,individual
Black_vs_White,chd,Coronary heart disease,foodinsecu,Food insecurity,hrsn,-0.0145,0.0009,-6.23,0.0317,0.0809,131312,12911,15.75,individual
Black_vs_White,chd,Coronary heart disease,housinsecu,Housing insecurity,hrsn,-0.0145,0.0011,-7.32,0.0614,0.199,131312,12911,15.75,individual
Black_vs_White,chd,Coronary heart disease,shututility,Utility shutoff threat,hrsn,-0.0145,0.0009,-5.88,0.0456,0.1484,131312,12911,15.75,individual
Black_vs_White,chd,Coronary heart disease,lacktrpt,Transportation barriers,hrsn,-0.0145,0.0018,-12.46,0.0471,0.1171,131312,12911,15.75,individual
Black_vs_White,chd,Coronary heart disease,emotionspt,Lack of social support,hrsn,-0.0145,0.0001,-0.86,0.0596,0.0971,131312,12911,15.75,individual
Black_vs_White,copd,COPD,loneliness,Loneliness/Social isolation,hrsn,-0.0056,0.0009,-16.83,0.0521,0.0731,131960,12988,-553.48,individual
Black_vs_White,copd,COPD,foodstamp,Food stamps/SNAP,hrsn,-0.0056,0.0095,-170.3,0.0641,0.2121,131960,12988,-553.48,individual
Black_vs_White,copd,COPD,foodinsecu,Food insecurity,hrsn,-0.0056,0.0019,-33.18,0.0318,0.0811,131960,12988,-553.48,individual
Black_vs_White,copd,COPD,housinsecu,Housing insecurity,hrsn,-0.0056,0.0022,-40.07,0.0616,0.1988,131960,12988,-553.48,individual
Black_vs_White,copd,COPD,shututility,Utility shutoff threat,hrsn,-0.0056,0.0026,-45.94,0.0458,0.1483,131960,12988,-553.48,individual
Black_vs_White,copd,COPD,lacktrpt,Transportation barriers,hrsn,-0.0056,0.0039,-70.11,0.0474,0.117,131960,12988,-553.48,individual
Black_vs_White,copd,COPD,emotionspt,Lack of social support,hrsn,-0.0056,0.0004,-6.83,0.0599,0.0975,131960,12988,-553.48,individual
Black_vs_White,stroke,Stroke,loneliness,Loneliness/Social isolation,hrsn,0.0164,0.0005,2.98,0.0521,0.0732,132047,13006,45.51,individual
Black_vs_White,stroke,Stroke,foodstamp,Food stamps/SNAP,hrsn,0.0164,0.002,12.32,0.0641,0.2124,132047,13006,45.51,individual
Black_vs_White,stroke,Stroke,foodinsecu,Food insecurity,hrsn,0.0164,0.0009,5.6,0.0318,0.0813,132047,13006,45.51,individual
Black_vs_White,stroke,Stroke,housinsecu,Housing insecurity,hrsn,0.0164,0.0001,0.65,0.0615,0.1991,132047,13006,45.51,individual
Black_vs_White,stroke,Stroke,shututility,Utility shutoff threat,hrsn,0.0164,0.0007,4.25,0.0457,0.1489,132047,13006,45.51,individual
Black_vs_White,stroke,Stroke,lacktrpt,Transportation barriers,hrsn,0.0164,0.0024,14.38,0.0473,0.1174,132047,13006,45.51,individual
Black_vs_White,stroke,Stroke,emotionspt,Lack of social support,hrsn,0.0164,0.0002,1.2,0.0599,0.0976,132047,13006,45.51,individual
Hispanic_vs_White,diabetes,Diabetes,loneliness,Loneliness/Social isolation,hrsn,0.0054,0.0011,21.06,0.0523,0.0945,132238,17527,-233.62,individual
Hispanic_vs_White,diabetes,Diabetes,foodstamp,Food stamps/SNAP,hrsn,0.0054,0.0055,101.01,0.0641,0.2175,132238,17527,-233.62,individual
Hispanic_vs_White,diabetes,Diabetes,foodinsecu,Food insecurity,hrsn,0.0054,0.001,18.35,0.0319,0.0674,132238,17527,-233.62,individual
Hispanic_vs_White,diabetes,Diabetes,housinsecu,Housing insecurity,hrsn,0.0054,0.0007,12.41,0.0617,0.2039,132238,17527,-233.62,individual
Hispanic_vs_White,diabetes,Diabetes,shututility,Utility shutoff threat,hrsn,0.0054,0.0012,21.47,0.0458,0.1078,132238,17527,-233.62,individual
Hispanic_vs_White,diabetes,Diabetes,lacktrpt,Transportation barriers,hrsn,0.0054,0.0018,32.53,0.0475,0.1097,132238,17527,-233.62,individual
Hispanic_vs_White,diabetes,Diabetes,emotionspt,Lack of social support,hrsn,0.0054,0.0002,4.36,0.06,0.1079,132238,17527,-233.62,individual
Hispanic_vs_White,depression,Depression,loneliness,Loneliness/Social isolation,hrsn,-0.0445,0.0114,-25.61,0.0521,0.0944,131887,17495,-218.15,individual
Hispanic_vs_White,depression,Depression,foodstamp,Food stamps/SNAP,hrsn,-0.0445,0.0129,-28.96,0.0641,0.2176,131887,17495,-218.15,individual
Hispanic_vs_White,depression,Depression,foodinsecu,Food insecurity,hrsn,-0.0445,0.0015,-3.33,0.0319,0.0673,131887,17495,-218.15,individual
Hispanic_vs_White,depression,Depression,housinsecu,Housing insecurity,hrsn,-0.0445,0.0117,-26.42,0.0617,0.204,131887,17495,-218.15,individual
Hispanic_vs_White,depression,Depression,shututility,Utility shutoff threat,hrsn,-0.0445,0.0031,-7.06,0.0458,0.1077,131887,17495,-218.15,individual
Hispanic_vs_White,depression,Depression,lacktrpt,Transportation barriers,hrsn,-0.0445,0.0078,-17.54,0.0474,0.1099,131887,17495,-218.15,individual
Hispanic_vs_White,depression,Depression,emotionspt,Lack of social support,hrsn,-0.0445,0.0026,-5.84,0.0598,0.1078,131887,17495,-218.15,individual
Hispanic_vs_White,casthma,Asthma,loneliness,Loneliness/Social isolation,hrsn,0.0064,0.0019,30.23,0.0522,0.0941,131984,17512,595.24,individual
Hispanic_vs_White,casthma,Asthma,foodstamp,Food stamps/SNAP,hrsn,0.0064,0.0091,143.59,0.0641,0.2174,131984,17512,595.24,individual
Hispanic_vs_White,casthma,Asthma,foodinsecu,Food insecurity,hrsn,0.0064,0.0013,19.63,0.0319,0.0674,131984,17512,595.24,individual
Hispanic_vs_White,casthma,Asthma,housinsecu,Housing insecurity,hrsn,0.0064,0.0041,64.47,0.0616,0.2042,131984,17512,595.24,individual
Hispanic_vs_White,casthma,Asthma,shututility,Utility shutoff threat,hrsn,0.0064,0.0019,30.48,0.0458,0.1076,131984,17512,595.24,individual
Hispanic_vs_White,casthma,Asthma,lacktrpt,Transportation barriers,hrsn,0.0064,0.0044,69.3,0.0474,0.11,131984,17512,595.24,individual
Hispanic_vs_White,casthma,Asthma,emotionspt,Lack of social support,hrsn,0.0064,0.0,0.34,0.0599,0.1078,131984,17512,595.24,individual
Hispanic_vs_White,obesity,Obesity,loneliness,Loneliness/Social isolation,hrsn,0.0342,0.0006,1.68,0.0523,0.0936,127836,16361,131.33,individual
Hispanic_vs_White,obesity,Obesity,foodstamp,Food stamps/SNAP,hrsn,0.0342,0.0089,25.98,0.064,0.2186,127836,16361,131.33,individual
Hispanic_vs_White,obesity,Obesity,foodinsecu,Food insecurity,hrsn,0.0342,0.0002,0.6,0.0319,0.0651,127836,16361,131.33,individual
Hispanic_vs_White,obesity,Obesity,housinsecu,Housing insecurity,hrsn,0.0342,0.0058,16.95,0.0617,0.198,127836,16361,131.33,individual
Hispanic_vs_White,obesity,Obesity,shututility,Utility shutoff threat,hrsn,0.0342,0.003,8.88,0.0459,0.1078,127836,16361,131.33,individual
Hispanic_vs_White,obesity,Obesity,lacktrpt,Transportation barriers,hrsn,0.0342,-0.0007,-2.06,0.0474,0.1075,127836,16361,131.33,individual
Hispanic_vs_White,obesity,Obesity,emotionspt,Lack of social support,hrsn,0.0342,-0.0006,-1.69,0.0603,0.1064,127836,16361,131.33,individual
Hispanic_vs_White,chd,Coronary heart disease,loneliness,Loneliness/Social isolation,hrsn,-0.0304,0.0011,-3.69,0.0519,0.094,131312,17466,57.03,individual
Hispanic_vs_White,chd,Coronary heart disease,foodstamp,Food stamps/SNAP,hrsn,-0.0304,0.0014,-4.71,0.0635,0.2171,131312,17466,57.03,individual
Hispanic_vs_White,chd,Coronary heart disease,foodinsecu,Food insecurity,hrsn,-0.0304,0.0005,-1.72,0.0317,0.0668,131312,17466,57.03,individual
Hispanic_vs_White,chd,Coronary heart disease,housinsecu,Housing insecurity,hrsn,-0.0304,0.0007,-2.35,0.0614,0.2037,131312,17466,57.03,individual
Hispanic_vs_White,chd,Coronary heart disease,shututility,Utility shutoff threat,hrsn,-0.0304,0.0005,-1.49,0.0456,0.1078,131312,17466,57.03,individual
Hispanic_vs_White,chd,Coronary heart disease,lacktrpt,Transportation barriers,hrsn,-0.0304,0.0017,-5.64,0.0471,0.1093,131312,17466,57.03,individual
Hispanic_vs_White,chd,Coronary heart disease,emotionspt,Lack of social support,hrsn,-0.0304,0.0001,-0.48,0.0596,0.1079,131312,17466,57.03,individual
Hispanic_vs_White,copd,COPD,loneliness,Loneliness/Social isolation,hrsn,-0.0414,0.0018,-4.34,0.0521,0.0944,131960,17513,-50.69,individual
Hispanic_vs_White,copd,COPD,foodstamp,Food stamps/SNAP,hrsn,-0.0414,0.0081,-19.56,0.0641,0.2174,131960,17513,-50.69,individual
Hispanic_vs_White,copd,COPD,foodinsecu,Food insecurity,hrsn,-0.0414,0.0014,-3.27,0.0318,0.0673,131960,17513,-50.69,individual
Hispanic_vs_White,copd,COPD,housinsecu,Housing insecurity,hrsn,-0.0414,0.0017,-4.15,0.0616,0.204,131960,17513,-50.69,individual
Hispanic_vs_White,copd,COPD,shututility,Utility shutoff threat,hrsn,-0.0414,0.0016,-3.87,0.0458,0.1079,131960,17513,-50.69,individual
Hispanic_vs_White,copd,COPD,lacktrpt,Transportation barriers,hrsn,-0.0414,0.0036,-8.61,0.0474,0.1096,131960,17513,-50.69,individual
Hispanic_vs_White,copd,COPD,emotionspt,Lack of social support,hrsn,-0.0414,0.0007,-1.57,0.0599,0.1081,131960,17513,-50.69,individual
Hispanic_vs_White,stroke,Stroke,loneliness,Loneliness/Social isolation,hrsn,-0.0154,0.0011,-7.04,0.0521,0.0943,132047,17525,7.96,individual
Hispanic_vs_White,stroke,Stroke,foodstamp,Food stamps/SNAP,hrsn,-0.0154,0.0016,-10.65,0.0641,0.2174,132047,17525,7.96,individual
Hispanic_vs_White,stroke,Stroke,foodinsecu,Food insecurity,hrsn,-0.0154,0.0007,-4.36,0.0318,0.0674,132047,17525,7.96,individual
Hispanic_vs_White,stroke,Stroke,housinsecu,Housing insecurity,hrsn,-0.0154,-0.0003,2.2,0.0615,0.2041,132047,17525,7.96,individual
Hispanic_vs_White,stroke,Stroke,shututility,Utility shutoff threat,hrsn,-0.0154,0.0007,-4.65,0.0457,0.1079,132047,17525,7.96,individual
Hispanic_vs_White,stroke,Stroke,lacktrpt,Transportation barriers,hrsn,-0.0154,0.0023,-14.82,0.0473,0.1098,132047,17525,7.96,individual
Hispanic_vs_White,stroke,Stroke,emotionspt,Lack of social support,hrsn,-0.0154,0.0003,-1.86,0.0599,0.108,132047,17525,7.96,individual
