hrsn_measure,disease,treatment_threshold_pct,hrsn_threshold_value,hrsn_target_value,n_tracts_treated,pop_treated,beta,mean_hrsn_reduction_pp,mean_disease_reduction_pp,est_associated_case_reduction,est_case_reduction_adjusted
loneliness,diabetes,90,40.6,33.9,5844,22164566,-0.0593,9.1,-0.54,-119424,-59712
loneliness,depression,90,40.6,33.9,5844,22164566,0.077,9.1,0.7,155219,77609
loneliness,casthma,90,40.6,33.9,5844,22164566,-0.0173,9.1,-0.16,-34953,-17476
loneliness,obesity,90,40.6,33.9,5844,22164566,-0.6475,9.1,-5.87,-1304726,-652363
loneliness,chd,90,40.6,33.9,5844,22164566,-0.0991,9.1,-0.9,-199627,-99813
loneliness,copd,90,40.6,33.9,5844,22164566,-0.0865,9.1,-0.78,-174343,-87171
loneliness,stroke,90,40.6,33.9,5844,22164566,-0.0378,9.1,-0.34,-76256,-38128
loneliness,diabetes,75,37.3,33.9,14918,57339220,-0.0593,6.6,-0.39,-222518,-111259
loneliness,depression,75,37.3,33.9,14918,57339220,0.077,6.6,0.51,289212,144606
loneliness,casthma,75,37.3,33.9,14918,57339220,-0.0173,6.6,-0.11,-65127,-32563
loneliness,obesity,75,37.3,33.9,14918,57339220,-0.6475,6.6,-4.25,-2431027,-1215513
loneliness,chd,75,37.3,33.9,14918,57339220,-0.0991,6.6,-0.65,-371956,-185978
loneliness,copd,75,37.3,33.9,14918,57339220,-0.0865,6.6,-0.57,-324844,-162422
loneliness,stroke,75,37.3,33.9,14918,57339220,-0.0378,6.6,-0.25,-142084,-71042
foodstamp,diabetes,90,30.9,11.4,5962,19652068,0.1733,30.8,5.34,1015607,507803
foodstamp,depression,90,30.9,11.4,5962,19652068,0.0869,30.8,2.68,509431,254715
foodstamp,casthma,90,30.9,11.4,5962,19652068,0.0785,30.8,2.42,460202,230101
foodstamp,obesity,90,30.9,11.4,5962,19652068,0.1379,30.8,4.25,808430,404215
foodstamp,chd,90,30.9,11.4,5962,19652068,0.0726,30.8,2.24,425766,212883
foodstamp,copd,90,30.9,11.4,5962,19652068,0.1343,30.8,4.14,786928,393464
foodstamp,stroke,90,30.9,11.4,5962,19652068,0.0598,30.8,1.84,350353,175176
foodstamp,diabetes,75,19.2,11.4,14950,53731586,0.1733,20.0,3.46,1768563,884281
foodstamp,depression,75,19.2,11.4,14950,53731586,0.0869,20.0,1.74,887116,443558
foodstamp,casthma,75,19.2,11.4,14950,53731586,0.0785,20.0,1.57,801389,400694
foodstamp,obesity,75,19.2,11.4,14950,53731586,0.1379,20.0,2.75,1407788,703894
foodstamp,chd,75,19.2,11.4,14950,53731586,0.0726,20.0,1.45,741423,370711
foodstamp,copd,75,19.2,11.4,14950,53731586,0.1343,20.0,2.68,1370345,685172
foodstamp,stroke,75,19.2,11.4,14950,53731586,0.0598,20.0,1.19,610100,305050
foodinsecu,diabetes,90,33.9,14.4,5970,20162185,0.2646,28.4,7.52,1481611,740805
foodinsecu,depression,90,33.9,14.4,5970,20162185,-0.0188,28.4,-0.53,-105159,-52579
foodinsecu,casthma,90,33.9,14.4,5970,20162185,0.0443,28.4,1.26,247883,123941
foodinsecu,obesity,90,33.9,14.4,5970,20162185,0.1518,28.4,4.31,850265,425132
foodinsecu,chd,90,33.9,14.4,5970,20162185,0.0856,28.4,2.43,479208,239604
foodinsecu,copd,90,33.9,14.4,5970,20162185,0.16,28.4,4.55,896125,448062
foodinsecu,stroke,90,33.9,14.4,5970,20162185,0.0764,28.4,2.17,427619,213809
foodinsecu,diabetes,75,22.7,14.4,14965,54348959,0.2646,19.3,5.09,2670353,1335176
foodinsecu,depression,75,22.7,14.4,14965,54348959,-0.0188,19.3,-0.36,-189532,-94766
foodinsecu,casthma,75,22.7,14.4,14965,54348959,0.0443,19.3,0.85,446767,223383
foodinsecu,obesity,75,22.7,14.4,14965,54348959,0.1518,19.3,2.92,1532460,766230
foodinsecu,chd,75,22.7,14.4,14965,54348959,0.0856,19.3,1.65,863693,431846
foodinsecu,copd,75,22.7,14.4,14965,54348959,0.16,19.3,3.08,1615115,807557
foodinsecu,stroke,75,22.7,14.4,14965,54348959,0.0764,19.3,1.47,770711,385355
housinsecu,diabetes,90,25.9,11.7,5951,20577818,0.287,20.4,5.84,1180282,590141
housinsecu,depression,90,25.9,11.7,5951,20577818,-0.0182,20.4,-0.37,-75004,-37502
housinsecu,casthma,90,25.9,11.7,5951,20577818,0.0972,20.4,1.98,399644,199822
housinsecu,obesity,90,25.9,11.7,5951,20577818,0.2021,20.4,4.12,831276,415638
housinsecu,chd,90,25.9,11.7,5951,20577818,0.0821,20.4,1.67,337666,168833
housinsecu,copd,90,25.9,11.7,5951,20577818,0.191,20.4,3.89,785499,392749
housinsecu,stroke,90,25.9,11.7,5951,20577818,0.0866,20.4,1.76,356159,178079
housinsecu,diabetes,75,17.7,11.7,14928,55049419,0.287,13.9,4.0,2132573,1066286
housinsecu,depression,75,17.7,11.7,14928,55049419,-0.0182,13.9,-0.25,-135521,-67760
housinsecu,casthma,75,17.7,11.7,14928,55049419,0.0972,13.9,1.35,722091,361045
housinsecu,obesity,75,17.7,11.7,14928,55049419,0.2021,13.9,2.81,1501978,750989
housinsecu,chd,75,17.7,11.7,14928,55049419,0.0821,13.9,1.14,610107,305053
housinsecu,copd,75,17.7,11.7,14928,55049419,0.191,13.9,2.66,1419266,709633
housinsecu,stroke,75,17.7,11.7,14928,55049419,0.0866,13.9,1.21,643521,321760
shututility,diabetes,90,16.8,7.4,5955,18961476,0.4166,15.5,6.47,1173680,586840
shututility,depression,90,16.8,7.4,5955,18961476,0.2543,15.5,3.95,716417,358208
shututility,casthma,90,16.8,7.4,5955,18961476,0.1671,15.5,2.6,470663,235331
shututility,obesity,90,16.8,7.4,5955,18961476,0.6851,15.5,10.65,1929976,964988
shututility,chd,90,16.8,7.4,5955,18961476,0.1777,15.5,2.76,500520,250260
shututility,copd,90,16.8,7.4,5955,18961476,0.3527,15.5,5.48,993508,496754
shututility,stroke,90,16.8,7.4,5955,18961476,0.1348,15.5,2.1,379847,189923
shututility,diabetes,75,11.2,7.4,14825,52498630,0.4166,9.9,4.14,2035336,1017668
shututility,depression,75,11.2,7.4,14825,52498630,0.2543,9.9,2.53,1242374,621187
shututility,casthma,75,11.2,7.4,14825,52498630,0.1671,9.9,1.66,816200,408100
shututility,obesity,75,11.2,7.4,14825,52498630,0.6851,9.9,6.82,3346865,1673432
shututility,chd,75,11.2,7.4,14825,52498630,0.1777,9.9,1.77,867977,433988
shututility,copd,75,11.2,7.4,14825,52498630,0.3527,9.9,3.51,1722891,861445
shututility,stroke,75,11.2,7.4,14825,52498630,0.1348,9.9,1.34,658712,329356
lacktrpt,diabetes,90,16.6,7.9,6015,20129976,0.3878,13.5,5.23,1024683,512341
lacktrpt,depression,90,16.6,7.9,6015,20129976,0.1835,13.5,2.47,484687,242343
lacktrpt,casthma,90,16.6,7.9,6015,20129976,0.1573,13.5,2.12,415651,207825
lacktrpt,obesity,90,16.6,7.9,6015,20129976,0.3555,13.5,4.79,939142,469571
lacktrpt,chd,90,16.6,7.9,6015,20129976,0.1418,13.5,1.91,374562,187281
lacktrpt,copd,90,16.6,7.9,6015,20129976,0.3024,13.5,4.08,798854,399427
lacktrpt,stroke,90,16.6,7.9,6015,20129976,0.1337,13.5,1.8,353235,176617
lacktrpt,diabetes,75,11.6,7.9,14783,53590797,0.3878,9.0,3.48,1786836,893418
lacktrpt,depression,75,11.6,7.9,14783,53590797,0.1835,9.0,1.65,845194,422597
lacktrpt,casthma,75,11.6,7.9,14783,53590797,0.1573,9.0,1.41,724810,362405
lacktrpt,obesity,75,11.6,7.9,14783,53590797,0.3555,9.0,3.19,1637670,818835
lacktrpt,chd,75,11.6,7.9,14783,53590797,0.1418,9.0,1.27,653160,326580
lacktrpt,copd,75,11.6,7.9,14783,53590797,0.3024,9.0,2.71,1393037,696518
lacktrpt,stroke,75,11.6,7.9,14783,53590797,0.1337,9.0,1.2,615969,307984
emotionspt,diabetes,90,32.5,24.0,5921,21595824,0.0527,11.1,0.59,125693,62846
emotionspt,depression,90,32.5,24.0,5921,21595824,-0.3442,11.1,-3.83,-820979,-410489
emotionspt,casthma,90,32.5,24.0,5921,21595824,-0.0595,11.1,-0.66,-141811,-70905
emotionspt,obesity,90,32.5,24.0,5921,21595824,-0.7073,11.1,-7.87,-1686924,-843462
emotionspt,chd,90,32.5,24.0,5921,21595824,-0.0543,11.1,-0.6,-129613,-64806
emotionspt,copd,90,32.5,24.0,5921,21595824,-0.0614,11.1,-0.68,-146498,-73249
emotionspt,stroke,90,32.5,24.0,5921,21595824,0.0047,11.1,0.05,11272,5636
emotionspt,diabetes,75,28.1,24.0,14988,57555487,0.0527,8.2,0.43,243162,121581
emotionspt,depression,75,28.1,24.0,14988,57555487,-0.3442,8.2,-2.81,-1588239,-794119
emotionspt,casthma,75,28.1,24.0,14988,57555487,-0.0595,8.2,-0.48,-274343,-137171
emotionspt,obesity,75,28.1,24.0,14988,57555487,-0.7073,8.2,-5.77,-3263467,-1631733
emotionspt,chd,75,28.1,24.0,14988,57555487,-0.0543,8.2,-0.44,-250745,-125372
emotionspt,copd,75,28.1,24.0,14988,57555487,-0.0614,8.2,-0.5,-283411,-141705
emotionspt,stroke,75,28.1,24.0,14988,57555487,0.0047,8.2,0.04,21806,10903
