hrsn_measure,disease,quantile,beta,se,ci_lower,ci_upper,ols_beta,n_obs
loneliness,diabetes,0.1,-0.1357,0.0045,-0.1446,-0.1268,-0.0667,60156
loneliness,diabetes,0.25,-0.0751,0.0035,-0.082,-0.0683,-0.0667,60156
loneliness,diabetes,0.5,-0.0201,0.0034,-0.0268,-0.0134,-0.0667,60156
loneliness,diabetes,0.75,0.0285,0.004,0.0207,0.0364,-0.0667,60156
loneliness,diabetes,0.9,0.0685,0.0059,0.057,0.0801,-0.0667,60156
loneliness,depression,0.1,-0.0261,0.0114,-0.0485,-0.0037,0.086,60156
loneliness,depression,0.25,0.0687,0.0085,0.0519,0.0854,0.086,60156
loneliness,depression,0.5,0.1254,0.0059,0.1139,0.1369,0.086,60156
loneliness,depression,0.75,0.1479,0.0056,0.1369,0.1589,0.086,60156
loneliness,depression,0.9,0.2303,0.0062,0.2181,0.2425,0.086,60156
loneliness,casthma,0.1,-0.1696,0.01,-0.1892,-0.15,-0.0553,60156
loneliness,casthma,0.25,-0.1399,0.0063,-0.1522,-0.1276,-0.0553,60156
loneliness,casthma,0.5,-0.092,0.0047,-0.1013,-0.0827,-0.0553,60156
loneliness,casthma,0.75,-0.0095,0.0047,-0.0188,-0.0002,-0.0553,60156
loneliness,casthma,0.9,0.1444,0.0074,0.1298,0.159,-0.0553,60156
loneliness,obesity,0.1,-0.442,0.0073,-0.4563,-0.4278,-0.3809,60156
loneliness,obesity,0.25,-0.3799,0.005,-0.3898,-0.37,-0.3809,60156
loneliness,obesity,0.5,-0.3646,0.0042,-0.3729,-0.3563,-0.3809,60156
loneliness,obesity,0.75,-0.3583,0.0041,-0.3664,-0.3501,-0.3809,60156
loneliness,obesity,0.9,-0.3163,0.0049,-0.3259,-0.3067,-0.3809,60156
loneliness,chd,0.1,-0.2175,0.005,-0.2273,-0.2078,-0.2188,60156
loneliness,chd,0.25,-0.1947,0.0036,-0.2017,-0.1877,-0.2188,60156
loneliness,chd,0.5,-0.1828,0.0033,-0.1892,-0.1764,-0.2188,60156
loneliness,chd,0.75,-0.1825,0.0038,-0.19,-0.175,-0.2188,60156
loneliness,chd,0.9,-0.1886,0.0049,-0.1982,-0.179,-0.2188,60156
loneliness,copd,0.1,-0.1525,0.0045,-0.1613,-0.1436,-0.136,60156
loneliness,copd,0.25,-0.1313,0.0033,-0.1378,-0.1248,-0.136,60156
loneliness,copd,0.5,-0.1152,0.003,-0.1211,-0.1092,-0.136,60156
loneliness,copd,0.75,-0.1022,0.0035,-0.109,-0.0955,-0.136,60156
loneliness,copd,0.9,-0.0984,0.0048,-0.1079,-0.089,-0.136,60156
loneliness,stroke,0.1,-0.1329,0.0039,-0.1405,-0.1252,-0.1328,60156
loneliness,stroke,0.25,-0.1094,0.003,-0.1153,-0.1036,-0.1328,60156
loneliness,stroke,0.5,-0.0912,0.0027,-0.0965,-0.0859,-0.1328,60156
loneliness,stroke,0.75,-0.0825,0.0031,-0.0886,-0.0765,-0.1328,60156
loneliness,stroke,0.9,-0.0802,0.0044,-0.0888,-0.0716,-0.1328,60156
foodstamp,diabetes,0.1,0.4326,0.0065,0.4199,0.4453,0.5013,60156
foodstamp,diabetes,0.25,0.4346,0.0047,0.4255,0.4438,0.5013,60156
foodstamp,diabetes,0.5,0.4598,0.0046,0.4509,0.4688,0.5013,60156
foodstamp,diabetes,0.75,0.5238,0.0053,0.5135,0.5341,0.5013,60156
foodstamp,diabetes,0.9,0.5873,0.0067,0.5743,0.6004,0.5013,60156
foodstamp,depression,0.1,0.201,0.0141,0.1734,0.2285,0.2496,60156
foodstamp,depression,0.25,0.3116,0.0114,0.2892,0.3339,0.2496,60156
foodstamp,depression,0.5,0.3088,0.0084,0.2923,0.3254,0.2496,60156
foodstamp,depression,0.75,0.3,0.0078,0.2847,0.3154,0.2496,60156
foodstamp,depression,0.9,0.3157,0.01,0.296,0.3354,0.2496,60156
foodstamp,casthma,0.1,0.5165,0.0106,0.4957,0.5372,0.6438,60156
foodstamp,casthma,0.25,0.6022,0.0074,0.5878,0.6167,0.6438,60156
foodstamp,casthma,0.5,0.6547,0.0065,0.642,0.6675,0.6438,60156
foodstamp,casthma,0.75,0.6887,0.0065,0.676,0.7015,0.6438,60156
foodstamp,casthma,0.9,0.7962,0.0111,0.7744,0.818,0.6438,60156
foodstamp,obesity,0.1,0.0957,0.0102,0.0757,0.1156,0.2086,60156
foodstamp,obesity,0.25,0.1893,0.0071,0.1754,0.2033,0.2086,60156
foodstamp,obesity,0.5,0.2235,0.0062,0.2114,0.2356,0.2086,60156
foodstamp,obesity,0.75,0.2606,0.0067,0.2475,0.2737,0.2086,60156
foodstamp,obesity,0.9,0.2902,0.0076,0.2752,0.3051,0.2086,60156
foodstamp,chd,0.1,0.3767,0.0064,0.3642,0.3893,0.4127,60156
foodstamp,chd,0.25,0.3619,0.005,0.3521,0.3716,0.4127,60156
foodstamp,chd,0.5,0.3808,0.0046,0.3718,0.3897,0.4127,60156
foodstamp,chd,0.75,0.4164,0.0055,0.4057,0.4272,0.4127,60156
foodstamp,chd,0.9,0.4739,0.0074,0.4594,0.4883,0.4127,60156
foodstamp,copd,0.1,0.4433,0.0051,0.4333,0.4533,0.5427,60156
foodstamp,copd,0.25,0.4587,0.0041,0.4507,0.4667,0.5427,60156
foodstamp,copd,0.5,0.4897,0.0041,0.4817,0.4977,0.5427,60156
foodstamp,copd,0.75,0.5572,0.0049,0.5477,0.5668,0.5427,60156
foodstamp,copd,0.9,0.6275,0.0069,0.6141,0.641,0.5427,60156
foodstamp,stroke,0.1,0.4555,0.0052,0.4454,0.4656,0.5395,60156
foodstamp,stroke,0.25,0.4541,0.0038,0.4467,0.4614,0.5395,60156
foodstamp,stroke,0.5,0.4781,0.0035,0.4712,0.4849,0.5395,60156
foodstamp,stroke,0.75,0.5388,0.0042,0.5306,0.5471,0.5395,60156
foodstamp,stroke,0.9,0.6135,0.0059,0.6019,0.625,0.5395,60156
foodinsecu,diabetes,0.1,0.6037,0.0075,0.589,0.6185,0.7325,60156
foodinsecu,diabetes,0.25,0.6355,0.0057,0.6243,0.6467,0.7325,60156
foodinsecu,diabetes,0.5,0.7106,0.0052,0.7004,0.7207,0.7325,60156
foodinsecu,diabetes,0.75,0.7876,0.0056,0.7767,0.7986,0.7325,60156
foodinsecu,diabetes,0.9,0.8563,0.0073,0.8419,0.8706,0.7325,60156
foodinsecu,depression,0.1,-0.3601,0.0197,-0.3987,-0.3214,-0.0516,60156
foodinsecu,depression,0.25,-0.1556,0.0148,-0.1846,-0.1266,-0.0516,60156
foodinsecu,depression,0.5,0.0619,0.0106,0.0411,0.0827,-0.0516,60156
foodinsecu,depression,0.75,0.1763,0.01,0.1567,0.1958,-0.0516,60156
foodinsecu,depression,0.9,0.2731,0.0122,0.2492,0.297,-0.0516,60156
foodinsecu,casthma,0.1,-0.0205,0.0153,-0.0504,0.0094,0.3473,60156
foodinsecu,casthma,0.25,0.1391,0.0104,0.1187,0.1594,0.3473,60156
foodinsecu,casthma,0.5,0.341,0.0082,0.325,0.357,0.3473,60156
foodinsecu,casthma,0.75,0.5658,0.0081,0.55,0.5817,0.3473,60156
foodinsecu,casthma,0.9,0.6933,0.0134,0.6671,0.7195,0.3473,60156
foodinsecu,obesity,0.1,-0.0649,0.0144,-0.0931,-0.0366,0.2198,60156
foodinsecu,obesity,0.25,0.2236,0.0094,0.2052,0.242,0.2198,60156
foodinsecu,obesity,0.5,0.3265,0.0076,0.3116,0.3413,0.2198,60156
foodinsecu,obesity,0.75,0.3822,0.0082,0.3662,0.3982,0.2198,60156
foodinsecu,obesity,0.9,0.4148,0.0089,0.3974,0.4322,0.2198,60156
foodinsecu,chd,0.1,0.2766,0.0091,0.2588,0.2944,0.4652,60156
foodinsecu,chd,0.25,0.3562,0.0064,0.3436,0.3687,0.4652,60156
foodinsecu,chd,0.5,0.4372,0.0057,0.426,0.4483,0.4652,60156
foodinsecu,chd,0.75,0.5203,0.0065,0.5075,0.5331,0.4652,60156
foodinsecu,chd,0.9,0.6069,0.009,0.5893,0.6246,0.4652,60156
foodinsecu,copd,0.1,0.3303,0.008,0.3146,0.346,0.6189,60156
foodinsecu,copd,0.25,0.4688,0.0054,0.4582,0.4794,0.6189,60156
foodinsecu,copd,0.5,0.6002,0.0049,0.5906,0.6097,0.6189,60156
foodinsecu,copd,0.75,0.7245,0.0056,0.7136,0.7354,0.6189,60156
foodinsecu,copd,0.9,0.8265,0.0079,0.811,0.842,0.6189,60156
foodinsecu,stroke,0.1,0.4383,0.0072,0.4242,0.4523,0.6595,60156
foodinsecu,stroke,0.25,0.512,0.0049,0.5024,0.5215,0.6595,60156
foodinsecu,stroke,0.5,0.5932,0.0044,0.5846,0.6018,0.6595,60156
foodinsecu,stroke,0.75,0.6925,0.005,0.6827,0.7022,0.6595,60156
foodinsecu,stroke,0.9,0.8024,0.0071,0.7885,0.8163,0.6595,60156
housinsecu,diabetes,0.1,0.4287,0.0084,0.4124,0.4451,0.569,60156
housinsecu,diabetes,0.25,0.4445,0.0065,0.4318,0.4572,0.569,60156
housinsecu,diabetes,0.5,0.5076,0.0061,0.4956,0.5197,0.569,60156
housinsecu,diabetes,0.75,0.6021,0.0067,0.5889,0.6153,0.569,60156
housinsecu,diabetes,0.9,0.6945,0.0091,0.6766,0.7124,0.569,60156
housinsecu,depression,0.1,-0.2649,0.0197,-0.3034,-0.2263,-0.0359,60156
housinsecu,depression,0.25,-0.1569,0.0155,-0.1874,-0.1265,-0.0359,60156
housinsecu,depression,0.5,0.0343,0.0114,0.0119,0.0567,-0.0359,60156
housinsecu,depression,0.75,0.1457,0.0108,0.1246,0.1669,-0.0359,60156
housinsecu,depression,0.9,0.2251,0.0134,0.1989,0.2512,-0.0359,60156
housinsecu,casthma,0.1,0.3487,0.0147,0.3198,0.3776,0.5461,60156
housinsecu,casthma,0.25,0.4275,0.0105,0.407,0.448,0.5461,60156
housinsecu,casthma,0.5,0.4452,0.0091,0.4274,0.4631,0.5461,60156
housinsecu,casthma,0.75,0.6096,0.0092,0.5916,0.6276,0.5461,60156
housinsecu,casthma,0.9,0.7833,0.0159,0.7521,0.8144,0.5461,60156
housinsecu,obesity,0.1,0.0062,0.0142,-0.0217,0.034,0.2096,60156
housinsecu,obesity,0.25,0.171,0.01,0.1515,0.1905,0.2096,60156
housinsecu,obesity,0.5,0.2417,0.0084,0.2253,0.2581,0.2096,60156
housinsecu,obesity,0.75,0.3289,0.0087,0.3118,0.3461,0.2096,60156
housinsecu,obesity,0.9,0.3748,0.0099,0.3555,0.3942,0.2096,60156
housinsecu,chd,0.1,0.2085,0.009,0.1908,0.2261,0.3197,60156
housinsecu,chd,0.25,0.2183,0.0067,0.2053,0.2314,0.3197,60156
housinsecu,chd,0.5,0.2557,0.0063,0.2434,0.2679,0.3197,60156
housinsecu,chd,0.75,0.308,0.0077,0.2928,0.3231,0.3197,60156
housinsecu,chd,0.9,0.3804,0.0106,0.3596,0.4011,0.3197,60156
housinsecu,copd,0.1,0.3421,0.0076,0.3272,0.3569,0.5291,60156
housinsecu,copd,0.25,0.3833,0.0057,0.372,0.3945,0.5291,60156
housinsecu,copd,0.5,0.4387,0.0056,0.4277,0.4496,0.5291,60156
housinsecu,copd,0.75,0.5389,0.0068,0.5256,0.5522,0.5291,60156
housinsecu,copd,0.9,0.6364,0.0101,0.6167,0.6562,0.5291,60156
housinsecu,stroke,0.1,0.3572,0.0073,0.3428,0.3715,0.5357,60156
housinsecu,stroke,0.25,0.3868,0.0053,0.3763,0.3972,0.5357,60156
housinsecu,stroke,0.5,0.4286,0.005,0.4187,0.4384,0.5357,60156
housinsecu,stroke,0.75,0.5141,0.0061,0.5022,0.526,0.5357,60156
housinsecu,stroke,0.9,0.6238,0.0086,0.607,0.6406,0.5357,60156
shututility,diabetes,0.1,0.5456,0.0074,0.5311,0.5602,0.611,60156
shututility,diabetes,0.25,0.5496,0.0054,0.539,0.5603,0.611,60156
shututility,diabetes,0.5,0.5833,0.0049,0.5737,0.5929,0.611,60156
shututility,diabetes,0.75,0.6463,0.0052,0.6361,0.6564,0.611,60156
shututility,diabetes,0.9,0.6978,0.0068,0.6844,0.7112,0.611,60156
shututility,depression,0.1,0.2218,0.016,0.1904,0.2532,0.3701,60156
shututility,depression,0.25,0.3416,0.0128,0.3166,0.3666,0.3701,60156
shututility,depression,0.5,0.3997,0.0093,0.3815,0.4178,0.3701,60156
shututility,depression,0.75,0.4615,0.0083,0.4451,0.4778,0.3701,60156
shututility,depression,0.9,0.5862,0.0095,0.5677,0.6048,0.3701,60156
shututility,casthma,0.1,0.6023,0.0125,0.5778,0.6268,0.6944,60156
shututility,casthma,0.25,0.6394,0.0087,0.6223,0.6565,0.6944,60156
shututility,casthma,0.5,0.6798,0.0074,0.6653,0.6944,0.6944,60156
shututility,casthma,0.75,0.7616,0.0059,0.75,0.7731,0.6944,60156
shututility,casthma,0.9,0.9008,0.01,0.8812,0.9204,0.6944,60156
shututility,obesity,0.1,0.5449,0.0132,0.519,0.5708,0.5253,60156
shututility,obesity,0.25,0.528,0.0084,0.5115,0.5445,0.5253,60156
shututility,obesity,0.5,0.5403,0.0066,0.5274,0.5531,0.5253,60156
shututility,obesity,0.75,0.5274,0.0064,0.5148,0.54,0.5253,60156
shututility,obesity,0.9,0.4838,0.0077,0.4687,0.4989,0.5253,60156
shututility,chd,0.1,0.4585,0.008,0.4429,0.4741,0.5116,60156
shututility,chd,0.25,0.472,0.0057,0.4609,0.4831,0.5116,60156
shututility,chd,0.5,0.5007,0.0049,0.4912,0.5102,0.5116,60156
shututility,chd,0.75,0.5463,0.0054,0.5357,0.5569,0.5116,60156
shututility,chd,0.9,0.6119,0.0075,0.5972,0.6266,0.5116,60156
shututility,copd,0.1,0.6371,0.0066,0.6242,0.6501,0.7225,60156
shututility,copd,0.25,0.6625,0.0045,0.6537,0.6713,0.7225,60156
shututility,copd,0.5,0.7088,0.0041,0.7009,0.7168,0.7225,60156
shututility,copd,0.75,0.7705,0.0045,0.7616,0.7793,0.7225,60156
shututility,copd,0.9,0.8573,0.0063,0.8449,0.8696,0.7225,60156
shututility,stroke,0.1,0.5018,0.0064,0.4892,0.5144,0.6169,60156
shututility,stroke,0.25,0.5258,0.0043,0.5174,0.5342,0.6169,60156
shututility,stroke,0.5,0.565,0.0038,0.5575,0.5724,0.6169,60156
shututility,stroke,0.75,0.6379,0.0044,0.6294,0.6465,0.6169,60156
shututility,stroke,0.9,0.7297,0.0058,0.7184,0.741,0.6169,60156
lacktrpt,diabetes,0.1,0.3046,0.0077,0.2894,0.3197,0.5064,60156
lacktrpt,diabetes,0.25,0.4357,0.0057,0.4244,0.4469,0.5064,60156
lacktrpt,diabetes,0.5,0.5352,0.0055,0.5245,0.5459,0.5064,60156
lacktrpt,diabetes,0.75,0.6406,0.0056,0.6297,0.6516,0.5064,60156
lacktrpt,diabetes,0.9,0.7277,0.0072,0.7135,0.7419,0.5064,60156
lacktrpt,depression,0.1,0.0462,0.0179,0.0111,0.0813,0.2377,60156
lacktrpt,depression,0.25,0.1975,0.0147,0.1686,0.2264,0.2377,60156
lacktrpt,depression,0.5,0.3296,0.01,0.31,0.3491,0.2377,60156
lacktrpt,depression,0.75,0.3571,0.0092,0.339,0.3751,0.2377,60156
lacktrpt,depression,0.9,0.4308,0.011,0.4093,0.4523,0.2377,60156
lacktrpt,casthma,0.1,0.3718,0.0132,0.3459,0.3976,0.5822,60156
lacktrpt,casthma,0.25,0.4553,0.0095,0.4366,0.474,0.5822,60156
lacktrpt,casthma,0.5,0.5398,0.0079,0.5242,0.5553,0.5822,60156
lacktrpt,casthma,0.75,0.6992,0.0076,0.6843,0.714,0.5822,60156
lacktrpt,casthma,0.9,0.8722,0.0116,0.8494,0.8949,0.5822,60156
lacktrpt,obesity,0.1,0.0861,0.0124,0.0618,0.1104,0.2427,60156
lacktrpt,obesity,0.25,0.2236,0.009,0.206,0.2412,0.2427,60156
lacktrpt,obesity,0.5,0.2859,0.0074,0.2714,0.3005,0.2427,60156
lacktrpt,obesity,0.75,0.3215,0.0078,0.3062,0.3369,0.2427,60156
lacktrpt,obesity,0.9,0.3444,0.0089,0.327,0.3618,0.2427,60156
lacktrpt,chd,0.1,0.1943,0.008,0.1787,0.2099,0.3635,60156
lacktrpt,chd,0.25,0.2963,0.0061,0.2844,0.3082,0.3635,60156
lacktrpt,chd,0.5,0.3764,0.0055,0.3657,0.3871,0.3635,60156
lacktrpt,chd,0.75,0.4589,0.0063,0.4465,0.4713,0.3635,60156
lacktrpt,chd,0.9,0.5441,0.0086,0.5272,0.5609,0.3635,60156
lacktrpt,copd,0.1,0.3341,0.0066,0.3211,0.3471,0.5516,60156
lacktrpt,copd,0.25,0.4429,0.0052,0.4326,0.4531,0.5516,60156
lacktrpt,copd,0.5,0.5551,0.0048,0.5457,0.5646,0.5516,60156
lacktrpt,copd,0.75,0.6724,0.0054,0.6618,0.683,0.5516,60156
lacktrpt,copd,0.9,0.7823,0.0075,0.7677,0.7969,0.5516,60156
lacktrpt,stroke,0.1,0.3161,0.0066,0.3032,0.3291,0.5446,60156
lacktrpt,stroke,0.25,0.4427,0.0048,0.4333,0.4521,0.5446,60156
lacktrpt,stroke,0.5,0.5386,0.0042,0.5304,0.5468,0.5446,60156
lacktrpt,stroke,0.75,0.6434,0.0048,0.634,0.6528,0.5446,60156
lacktrpt,stroke,0.9,0.757,0.0064,0.7444,0.7696,0.5446,60156
emotionspt,diabetes,0.1,-0.0346,0.0041,-0.0426,-0.0265,0.0683,60156
emotionspt,diabetes,0.25,-0.0001,0.0034,-0.0066,0.0065,0.0683,60156
emotionspt,diabetes,0.5,0.052,0.0038,0.0446,0.0594,0.0683,60156
emotionspt,diabetes,0.75,0.0885,0.0049,0.0789,0.0981,0.0683,60156
emotionspt,diabetes,0.9,0.117,0.0071,0.1031,0.1309,0.0683,60156
emotionspt,depression,0.1,-0.5511,0.0116,-0.5738,-0.5283,-0.443,60156
emotionspt,depression,0.25,-0.5487,0.0089,-0.5662,-0.5311,-0.443,60156
emotionspt,depression,0.5,-0.4651,0.0066,-0.478,-0.4522,-0.443,60156
emotionspt,depression,0.75,-0.3056,0.0055,-0.3163,-0.2949,-0.443,60156
emotionspt,depression,0.9,-0.16,0.0067,-0.1732,-0.1467,-0.443,60156
emotionspt,casthma,0.1,-0.4211,0.0101,-0.4409,-0.4013,-0.2185,60156
emotionspt,casthma,0.25,-0.38,0.0069,-0.3937,-0.3664,-0.2185,60156
emotionspt,casthma,0.5,-0.2616,0.0051,-0.2716,-0.2515,-0.2185,60156
emotionspt,casthma,0.75,-0.0542,0.0048,-0.0635,-0.0449,-0.2185,60156
emotionspt,casthma,0.9,0.2675,0.0074,0.2529,0.282,-0.2185,60156
emotionspt,obesity,0.1,-0.5442,0.007,-0.5578,-0.5306,-0.4796,60156
emotionspt,obesity,0.25,-0.5338,0.0054,-0.5444,-0.5232,-0.4796,60156
emotionspt,obesity,0.5,-0.5104,0.0046,-0.5194,-0.5014,-0.4796,60156
emotionspt,obesity,0.75,-0.4604,0.0046,-0.4694,-0.4514,-0.4796,60156
emotionspt,obesity,0.9,-0.3613,0.0056,-0.3723,-0.3504,-0.4796,60156
emotionspt,chd,0.1,-0.1636,0.0052,-0.1738,-0.1534,-0.1384,60156
emotionspt,chd,0.25,-0.1618,0.004,-0.1696,-0.154,-0.1384,60156
emotionspt,chd,0.5,-0.1574,0.0036,-0.1644,-0.1504,-0.1384,60156
emotionspt,chd,0.75,-0.1498,0.0042,-0.158,-0.1415,-0.1384,60156
emotionspt,chd,0.9,-0.1343,0.0057,-0.1454,-0.1232,-0.1384,60156
emotionspt,copd,0.1,-0.1581,0.0051,-0.1681,-0.148,-0.1113,60156
emotionspt,copd,0.25,-0.1465,0.0037,-0.1538,-0.1392,-0.1113,60156
emotionspt,copd,0.5,-0.1346,0.0033,-0.141,-0.1281,-0.1113,60156
emotionspt,copd,0.75,-0.1164,0.0037,-0.1238,-0.1091,-0.1113,60156
emotionspt,copd,0.9,-0.1059,0.0053,-0.1162,-0.0955,-0.1113,60156
emotionspt,stroke,0.1,-0.0363,0.0039,-0.0439,-0.0287,0.0191,60156
emotionspt,stroke,0.25,-0.0211,0.0032,-0.0273,-0.0149,0.0191,60156
emotionspt,stroke,0.5,-0.0133,0.003,-0.0192,-0.0074,0.0191,60156
emotionspt,stroke,0.75,0.0038,0.0036,-0.0032,0.0108,0.0191,60156
emotionspt,stroke,0.9,0.035,0.0053,0.0246,0.0454,0.0191,60156
