hrsn_measure,hrsn_label,outcome,outcome_label,beta_std,se_std,beta_unstd,se_unstd,ci_lower_unstd,ci_upper_unstd,pvalue,ci_lower,ci_upper,r_squared,adj_r_squared,n_obs,n_clusters,significant_05,significant_01,significant_001,pvalue_fdr,significant_fdr_05
loneliness,Loneliness/Social isolation,diabetes,Diabetes,-0.0667,0.027,-0.059263,0.023989,-0.10628,-0.012247,0.01349311098800955,-0.1196,-0.0138,0.7496,0.7496,60156,2294,True,False,False,0.015026419054828818,True
loneliness,Loneliness/Social isolation,depression,Depression,0.086,0.0675,0.077026,0.060443,-0.041441,0.195493,0.2025393147903587,-0.0463,0.2183,0.4094,0.4093,60156,2294,False,False,False,0.21754963420478832,False
loneliness,Loneliness/Social isolation,casthma,Asthma,-0.0553,0.0616,-0.017345,0.019329,-0.05523,0.020539,0.3695209982854353,-0.1761,0.0655,0.5486,0.5486,60156,2294,False,False,False,0.3852452960848155,False
loneliness,Loneliness/Social isolation,obesity,Obesity,-0.3809,0.0396,-0.647455,0.067279,-0.77932,-0.515591,6.368249827029981e-22,-0.4584,-0.3033,0.7244,0.7244,60156,2294,True,True,True,1.1557194130535892e-21,True
loneliness,Loneliness/Social isolation,chd,Coronary heart disease,-0.2188,0.0133,-0.099063,0.006028,-0.110878,-0.087248,1.0970058763493372e-60,-0.2449,-0.1927,0.7653,0.7653,60156,2294,True,True,True,2.9862937745065285e-60,True
loneliness,Loneliness/Social isolation,copd,COPD,-0.136,0.0156,-0.086516,0.009906,-0.105931,-0.067101,2.4594937136263577e-18,-0.1665,-0.1055,0.7748,0.7747,60156,2294,True,True,True,4.017173065589717e-18,True
loneliness,Loneliness/Social isolation,stroke,Stroke,-0.1328,0.0173,-0.037841,0.004917,-0.047479,-0.028204,1.4099120176025074e-14,-0.1667,-0.099,0.7879,0.7879,60156,2294,True,True,True,2.1589277769538395e-14,True
foodstamp,Food stamps/SNAP,diabetes,Diabetes,0.5013,0.0219,0.173274,0.007577,0.158422,0.188125,9.899217160816014e-116,0.4583,0.5443,0.7947,0.7947,60156,2294,True,True,True,4.0421803406665394e-115,True
foodstamp,Food stamps/SNAP,depression,Depression,0.2496,0.0414,0.086915,0.014422,0.058649,0.115181,1.673795527146644e-09,0.1684,0.3307,0.4182,0.4181,60156,2294,True,True,True,2.2782216897273765e-09,True
foodstamp,Food stamps/SNAP,casthma,Asthma,0.6438,0.0475,0.078515,0.005788,0.067172,0.089859,6.371916487766495e-42,0.5508,0.7369,0.6246,0.6245,60156,2294,True,True,True,1.3009329495856594e-41,True
foodstamp,Food stamps/SNAP,obesity,Obesity,0.2086,0.0286,0.137927,0.018896,0.100892,0.174962,2.89091620028156e-13,0.1526,0.2647,0.678,0.6779,60156,2294,True,True,True,4.1663204062881307e-13,True
foodstamp,Food stamps/SNAP,chd,Coronary heart disease,0.4127,0.0202,0.07264,0.003555,0.065672,0.079608,8.578430175163425e-93,0.3731,0.4523,0.779,0.779,60156,2294,True,True,True,2.8022871905533854e-92,True
foodstamp,Food stamps/SNAP,copd,COPD,0.5427,0.022,0.134259,0.005441,0.123595,0.144922,1.9120569330765884e-134,0.4996,0.5858,0.8226,0.8226,60156,2294,True,True,True,8.51734452006844e-134,True
foodstamp,Food stamps/SNAP,stroke,Stroke,0.5395,0.0167,0.059774,0.001855,0.056138,0.06341,9.206592998093535e-228,0.5067,0.5723,0.8354,0.8354,60156,2294,True,True,True,7.51871761510972e-227,True
foodinsecu,Food insecurity,diabetes,Diabetes,0.7325,0.0197,0.264597,0.007115,0.250653,0.278542,9.534322913263735e-303,0.6939,0.7711,0.813,0.813,60156,2294,True,True,True,1.5572727424997434e-301,True
foodinsecu,Food insecurity,depression,Depression,-0.0516,0.0877,-0.01878,0.031938,-0.081378,0.043817,0.5565202393000057,-0.2236,0.1204,0.4069,0.4068,60156,2294,False,False,False,0.5681144109520891,False
foodinsecu,Food insecurity,casthma,Asthma,0.3473,0.0641,0.044269,0.008165,0.028266,0.060272,5.900550658344958e-08,0.2218,0.4729,0.5621,0.5621,60156,2294,True,True,True,7.60860479628692e-08,True
foodinsecu,Food insecurity,obesity,Obesity,0.2198,0.0708,0.151847,0.048898,0.056009,0.247685,0.0019001917945385702,0.0811,0.3585,0.6757,0.6757,60156,2294,True,True,False,0.002270960925180242,True
foodinsecu,Food insecurity,chd,Coronary heart disease,0.4652,0.034,0.085581,0.00626,0.073311,0.09785,1.511754283730579e-42,0.3985,0.5319,0.7735,0.7735,60156,2294,True,True,True,3.367089086490835e-42,True
foodinsecu,Food insecurity,copd,COPD,0.6189,0.0455,0.160037,0.011753,0.137001,0.183073,3.2059514525811674e-42,0.5298,0.708,0.8142,0.8142,60156,2294,True,True,True,6.830070485933791e-42,True
foodinsecu,Food insecurity,stroke,Stroke,0.6595,0.0296,0.076368,0.003432,0.069641,0.083094,1.0884220027058916e-109,0.6014,0.7176,0.834,0.834,60156,2294,True,True,True,4.102513702506822e-109,True
housinsecu,Housing insecurity,diabetes,Diabetes,0.569,0.026,0.286965,0.013136,0.26122,0.312711,8.460939593268149e-106,0.518,0.6201,0.782,0.782,60156,2294,True,True,True,2.9613288576438523e-105,True
housinsecu,Housing insecurity,depression,Depression,-0.0359,0.0849,-0.018236,0.043119,-0.102747,0.066275,0.6723480747276727,-0.2022,0.1304,0.4067,0.4066,60156,2294,False,False,False,0.6723480747276727,False
housinsecu,Housing insecurity,casthma,Asthma,0.5461,0.0663,0.097167,0.011791,0.074057,0.120277,1.7116673712724732e-16,0.4162,0.676,0.5789,0.5788,60156,2294,True,True,True,2.7055387481403607e-16,True
housinsecu,Housing insecurity,obesity,Obesity,0.2096,0.0677,0.202111,0.065312,0.074101,0.33012,0.0019712484639697225,0.0768,0.3423,0.6745,0.6745,60156,2294,True,True,False,0.002299789874631343,True
housinsecu,Housing insecurity,chd,Coronary heart disease,0.3197,0.0312,0.082098,0.008004,0.066411,0.097785,1.0933775279182093e-24,0.2586,0.3807,0.7581,0.758,60156,2294,True,True,True,2.0605961103073944e-24,True
housinsecu,Housing insecurity,copd,COPD,0.5291,0.0377,0.190981,0.013607,0.164312,0.217649,9.43499472381804e-45,0.4552,0.6029,0.7973,0.7972,60156,2294,True,True,True,2.31157370733542e-44,True
housinsecu,Housing insecurity,stroke,Stroke,0.5357,0.0305,0.086594,0.004937,0.076918,0.09627,7.111201345997931e-69,0.4758,0.5956,0.8115,0.8114,60156,2294,True,True,True,2.0496992114935214e-68,True
shututility,Utility shutoff threat,diabetes,Diabetes,0.611,0.0244,0.416616,0.01664,0.384002,0.44923,2.4207487039840806e-138,0.5632,0.6588,0.8052,0.8052,60156,2294,True,True,True,1.1861668649521993e-137,True
shututility,Utility shutoff threat,depression,Depression,0.3701,0.0327,0.254303,0.022482,0.21024,0.298367,1.1507393365448641e-29,0.306,0.4343,0.4276,0.4275,60156,2294,True,True,True,2.2554490996279336e-29,True
shututility,Utility shutoff threat,casthma,Asthma,0.6944,0.0346,0.167069,0.008325,0.150752,0.183387,1.4208337409115921e-89,0.6266,0.7623,0.6214,0.6214,60156,2294,True,True,True,4.351303331541751e-89,True
shututility,Utility shutoff threat,obesity,Obesity,0.5253,0.0384,0.685074,0.050061,0.586957,0.783191,1.2496155435604266e-42,0.4501,0.6006,0.7122,0.7122,60156,2294,True,True,True,2.9157696016409955e-42,True
shututility,Utility shutoff threat,chd,Coronary heart disease,0.5116,0.0176,0.177667,0.006097,0.165717,0.189618,1.1571984726335436e-186,0.4772,0.546,0.7875,0.7874,60156,2294,True,True,True,7.087840644880455e-186,True
shututility,Utility shutoff threat,copd,COPD,0.7225,0.0144,0.352661,0.007018,0.338905,0.366416,0.0,0.6944,0.7507,0.8479,0.8479,60156,2294,True,True,True,0.0,True
shututility,Utility shutoff threat,stroke,Stroke,0.6169,0.0158,0.134833,0.003445,0.12808,0.141585,0.0,0.586,0.6478,0.8396,0.8396,60156,2294,True,True,True,0.0,True
lacktrpt,Transportation barriers,diabetes,Diabetes,0.5064,0.0157,0.387845,0.012012,0.364302,0.411388,1.0334883327652574e-228,0.4757,0.5372,0.7813,0.7812,60156,2294,True,True,True,1.0128185661099522e-227,True
lacktrpt,Transportation barriers,depression,Depression,0.2377,0.0386,0.183455,0.029763,0.125121,0.241789,7.09570050916188e-10,0.1621,0.3133,0.4139,0.4139,60156,2294,True,True,True,9.933980712826633e-10,True
lacktrpt,Transportation barriers,casthma,Asthma,0.5822,0.0379,0.157325,0.010252,0.137231,0.177419,3.8111890290410513e-53,0.5079,0.6566,0.5915,0.5915,60156,2294,True,True,True,9.828855917000607e-53,True
lacktrpt,Transportation barriers,obesity,Obesity,0.2427,0.027,0.355467,0.039578,0.277895,0.43304,2.6751480193340415e-19,0.1897,0.2956,0.6775,0.6775,60156,2294,True,True,True,4.520077687840277e-19,True
lacktrpt,Transportation barriers,chd,Coronary heart disease,0.3635,0.0137,0.141773,0.005343,0.131302,0.152244,3.6656221250763636e-155,0.3366,0.3903,0.7645,0.7644,60156,2294,True,True,True,1.9957276014304647e-154,True
lacktrpt,Transportation barriers,copd,COPD,0.5516,0.0185,0.302368,0.010156,0.282463,0.322273,8.715895903869317e-195,0.5153,0.5879,0.8073,0.8073,60156,2294,True,True,True,6.101127132708523e-194,True
lacktrpt,Transportation barriers,stroke,Stroke,0.5446,0.0163,0.1337,0.004011,0.125839,0.141561,1.2221762715102084e-243,0.5126,0.5767,0.8198,0.8198,60156,2294,True,True,True,1.4971659326000053e-242,True
emotionspt,Lack of social support,diabetes,Diabetes,0.0683,0.0256,0.052699,0.019738,0.014013,0.091385,0.007587306554804868,0.0182,0.1185,0.7494,0.7494,60156,2294,True,True,False,0.008646000492684618,True
emotionspt,Lack of social support,depression,Depression,-0.443,0.0748,-0.344209,0.058081,-0.458045,-0.230373,3.0963270699066946e-09,-0.5895,-0.2965,0.4663,0.4663,60156,2294,True,True,True,4.100541254741298e-09,True
emotionspt,Lack of social support,casthma,Asthma,-0.2185,0.0593,-0.059457,0.016132,-0.091076,-0.027838,0.00022823407961317595,-0.3347,-0.1023,0.562,0.562,60156,2294,True,True,True,0.00027958674752614056,True
emotionspt,Lack of social support,obesity,Obesity,-0.4796,0.0522,-0.707271,0.076936,-0.858064,-0.556479,3.822415645243498e-20,-0.5818,-0.3773,0.7399,0.7398,60156,2294,True,True,True,6.689227379176122e-20,True
emotionspt,Lack of social support,chd,Coronary heart disease,-0.1384,0.018,-0.054343,0.007078,-0.068216,-0.040469,1.625402625822163e-14,-0.1737,-0.103,0.7531,0.7531,60156,2294,True,True,True,2.4134766262207877e-14,True
emotionspt,Lack of social support,copd,COPD,-0.1113,0.0265,-0.061422,0.014645,-0.090125,-0.032719,2.7392422113091125e-05,-0.1633,-0.0593,0.7716,0.7716,60156,2294,True,True,True,3.4416120090806796e-05,True
emotionspt,Lack of social support,stroke,Stroke,0.0191,0.0151,0.004726,0.003722,-0.00257,0.012022,0.20423026884531148,-0.0104,0.0486,0.7814,0.7813,60156,2294,False,False,False,0.21754963420478832,False
