outcome,outcome_label,feature,feature_label,feature_type,mean_abs_shap,permutation_importance,rf_feature_importance,ols_beta_std,ols_abs_beta,rf_r2_train,rf_r2_test
diabetes,Diabetes,loneliness,Loneliness/Social isolation,hrsn,0.15246,0.012487,0.018164,-0.0667,0.0667,0.9365,0.8943
diabetes,Diabetes,foodstamp,Food stamps/SNAP,hrsn,0.475423,0.04422,0.118017,0.5013,0.5013,0.9365,0.8943
diabetes,Diabetes,foodinsecu,Food insecurity,hrsn,0.956815,0.194675,0.136166,0.7325,0.7325,0.9365,0.8943
diabetes,Diabetes,housinsecu,Housing insecurity,hrsn,0.083576,0.013043,0.048493,0.569,0.569,0.9365,0.8943
diabetes,Diabetes,shututility,Utility shutoff threat,hrsn,0.732094,0.129887,0.172015,0.611,0.611,0.9365,0.8943
diabetes,Diabetes,lacktrpt,Transportation barriers,hrsn,0.143224,0.021482,0.068258,0.5064,0.5064,0.9365,0.8943
diabetes,Diabetes,emotionspt,Lack of social support,hrsn,0.087293,0.012474,0.019352,0.0683,0.0683,0.9365,0.8943
diabetes,Diabetes,pct_black,pct_black,covariate,0.174191,0.021663,0.045804,,,0.9365,0.8943
diabetes,Diabetes,pct_hispanic,pct_hispanic,covariate,0.212029,0.018839,0.029065,,,0.9365,0.8943
diabetes,Diabetes,pct_poverty,pct_poverty,covariate,0.117663,0.007413,0.041466,,,0.9365,0.8943
diabetes,Diabetes,pct_college,pct_college,covariate,0.699961,0.092132,0.126575,,,0.9365,0.8943
diabetes,Diabetes,pct_65plus,pct_65plus,covariate,0.690229,0.110592,0.102387,,,0.9365,0.8943
diabetes,Diabetes,median_age,median_age,covariate,0.495088,0.068896,0.074238,,,0.9365,0.8943
depression,Depression,loneliness,Loneliness/Social isolation,hrsn,0.287427,0.060469,0.05121,0.086,0.086,0.8229,0.7224
depression,Depression,foodstamp,Food stamps/SNAP,hrsn,0.583674,0.138409,0.076666,0.2496,0.2496,0.8229,0.7224
depression,Depression,foodinsecu,Food insecurity,hrsn,0.363117,0.082003,0.045896,-0.0516,0.0516,0.8229,0.7224
depression,Depression,housinsecu,Housing insecurity,hrsn,0.440551,0.117753,0.06033,-0.0359,0.0359,0.8229,0.7224
depression,Depression,shututility,Utility shutoff threat,hrsn,1.045601,0.320695,0.127696,0.3701,0.3701,0.8229,0.7224
depression,Depression,lacktrpt,Transportation barriers,hrsn,0.600593,0.146856,0.074254,0.2377,0.2377,0.8229,0.7224
depression,Depression,emotionspt,Lack of social support,hrsn,1.40589,0.57541,0.164739,-0.443,0.443,0.8229,0.7224
depression,Depression,pct_black,pct_black,covariate,0.609766,0.135071,0.083356,,,0.8229,0.7224
depression,Depression,pct_hispanic,pct_hispanic,covariate,0.657857,0.150171,0.115834,,,0.8229,0.7224
depression,Depression,pct_poverty,pct_poverty,covariate,0.225953,0.025538,0.0514,,,0.8229,0.7224
depression,Depression,pct_college,pct_college,covariate,0.31769,0.059211,0.06172,,,0.8229,0.7224
depression,Depression,pct_65plus,pct_65plus,covariate,0.141488,0.01143,0.029015,,,0.8229,0.7224
depression,Depression,median_age,median_age,covariate,0.280263,0.036338,0.057883,,,0.8229,0.7224
casthma,Asthma,loneliness,Loneliness/Social isolation,hrsn,0.030808,0.021237,0.027216,-0.0553,0.0553,0.8879,0.8231
casthma,Asthma,foodstamp,Food stamps/SNAP,hrsn,0.440754,0.386204,0.160022,0.6438,0.6438,0.8879,0.8231
casthma,Asthma,foodinsecu,Food insecurity,hrsn,0.135213,0.07955,0.056332,0.3473,0.3473,0.8879,0.8231
casthma,Asthma,housinsecu,Housing insecurity,hrsn,0.051304,0.032279,0.042641,0.5461,0.5461,0.8879,0.8231
casthma,Asthma,shututility,Utility shutoff threat,hrsn,0.435284,0.350729,0.204664,0.6944,0.6944,0.8879,0.8231
casthma,Asthma,lacktrpt,Transportation barriers,hrsn,0.14313,0.070273,0.088466,0.5822,0.5822,0.8879,0.8231
casthma,Asthma,emotionspt,Lack of social support,hrsn,0.221585,0.156821,0.074597,-0.2185,0.2185,0.8879,0.8231
casthma,Asthma,pct_black,pct_black,covariate,0.08011,0.04995,0.080706,,,0.8879,0.8231
casthma,Asthma,pct_hispanic,pct_hispanic,covariate,0.202955,0.143578,0.121959,,,0.8879,0.8231
casthma,Asthma,pct_poverty,pct_poverty,covariate,0.020339,0.011027,0.052954,,,0.8879,0.8231
casthma,Asthma,pct_college,pct_college,covariate,0.113564,0.049196,0.067598,,,0.8879,0.8231
casthma,Asthma,pct_65plus,pct_65plus,covariate,0.008111,0.002281,0.010605,,,0.8879,0.8231
casthma,Asthma,median_age,median_age,covariate,0.015504,0.004698,0.012239,,,0.8879,0.8231
obesity,Obesity,loneliness,Loneliness/Social isolation,hrsn,0.797286,0.054858,0.05181,-0.3809,0.3809,0.911,0.8551
obesity,Obesity,foodstamp,Food stamps/SNAP,hrsn,0.415782,0.026253,0.075724,0.2086,0.2086,0.911,0.8551
obesity,Obesity,foodinsecu,Food insecurity,hrsn,0.37394,0.04087,0.070966,0.2198,0.2198,0.911,0.8551
obesity,Obesity,housinsecu,Housing insecurity,hrsn,0.152155,0.014979,0.040959,0.2096,0.2096,0.911,0.8551
obesity,Obesity,shututility,Utility shutoff threat,hrsn,2.608601,0.436704,0.215455,0.5253,0.5253,0.911,0.8551
obesity,Obesity,lacktrpt,Transportation barriers,hrsn,0.476116,0.031781,0.072708,0.2427,0.2427,0.911,0.8551
obesity,Obesity,emotionspt,Lack of social support,hrsn,1.296228,0.139514,0.069719,-0.4796,0.4796,0.911,0.8551
obesity,Obesity,pct_black,pct_black,covariate,0.344003,0.024058,0.042557,,,0.911,0.8551
obesity,Obesity,pct_hispanic,pct_hispanic,covariate,0.796193,0.052546,0.073387,,,0.911,0.8551
obesity,Obesity,pct_poverty,pct_poverty,covariate,0.103217,0.004534,0.037312,,,0.911,0.8551
obesity,Obesity,pct_college,pct_college,covariate,2.178405,0.240266,0.226843,,,0.911,0.8551
obesity,Obesity,pct_65plus,pct_65plus,covariate,0.063568,0.00232,0.010699,,,0.911,0.8551
obesity,Obesity,median_age,median_age,covariate,0.090452,0.003919,0.011861,,,0.911,0.8551
chd,Coronary heart disease,loneliness,Loneliness/Social isolation,hrsn,0.225891,0.048999,0.044423,-0.2188,0.2188,0.9198,0.8655
chd,Coronary heart disease,foodstamp,Food stamps/SNAP,hrsn,0.28685,0.069075,0.065228,0.4127,0.4127,0.9198,0.8655
chd,Coronary heart disease,foodinsecu,Food insecurity,hrsn,0.145358,0.030277,0.035731,0.4652,0.4652,0.9198,0.8655
chd,Coronary heart disease,housinsecu,Housing insecurity,hrsn,0.089443,0.019902,0.027072,0.3197,0.3197,0.9198,0.8655
chd,Coronary heart disease,shututility,Utility shutoff threat,hrsn,0.196187,0.051209,0.062501,0.5116,0.5116,0.9198,0.8655
chd,Coronary heart disease,lacktrpt,Transportation barriers,hrsn,0.092337,0.01616,0.029733,0.3635,0.3635,0.9198,0.8655
chd,Coronary heart disease,emotionspt,Lack of social support,hrsn,0.159247,0.031465,0.027406,-0.1384,0.1384,0.9198,0.8655
chd,Coronary heart disease,pct_black,pct_black,covariate,0.072351,0.009949,0.017787,,,0.9198,0.8655
chd,Coronary heart disease,pct_hispanic,pct_hispanic,covariate,0.167306,0.035614,0.053685,,,0.9198,0.8655
chd,Coronary heart disease,pct_poverty,pct_poverty,covariate,0.230882,0.050986,0.082784,,,0.9198,0.8655
chd,Coronary heart disease,pct_college,pct_college,covariate,0.599005,0.243014,0.204385,,,0.9198,0.8655
chd,Coronary heart disease,pct_65plus,pct_65plus,covariate,0.579658,0.27937,0.228065,,,0.9198,0.8655
chd,Coronary heart disease,median_age,median_age,covariate,0.252217,0.084387,0.121199,,,0.9198,0.8655
copd,COPD,loneliness,Loneliness/Social isolation,hrsn,0.202257,0.032394,0.036265,-0.136,0.136,0.9523,0.9151
copd,COPD,foodstamp,Food stamps/SNAP,hrsn,0.378171,0.079752,0.088203,0.5427,0.5427,0.9523,0.9151
copd,COPD,foodinsecu,Food insecurity,hrsn,0.233485,0.03727,0.052858,0.6189,0.6189,0.9523,0.9151
copd,COPD,housinsecu,Housing insecurity,hrsn,0.104868,0.022148,0.029663,0.5291,0.5291,0.9523,0.9151
copd,COPD,shututility,Utility shutoff threat,hrsn,0.552806,0.163307,0.127902,0.7225,0.7225,0.9523,0.9151
copd,COPD,lacktrpt,Transportation barriers,hrsn,0.174053,0.030188,0.052975,0.5516,0.5516,0.9523,0.9151
copd,COPD,emotionspt,Lack of social support,hrsn,0.270858,0.050438,0.035062,-0.1113,0.1113,0.9523,0.9151
copd,COPD,pct_black,pct_black,covariate,0.132619,0.0207,0.02354,,,0.9523,0.9151
copd,COPD,pct_hispanic,pct_hispanic,covariate,0.332646,0.109211,0.095316,,,0.9523,0.9151
copd,COPD,pct_poverty,pct_poverty,covariate,0.25852,0.040904,0.096196,,,0.9523,0.9151
copd,COPD,pct_college,pct_college,covariate,0.796596,0.249575,0.237016,,,0.9523,0.9151
copd,COPD,pct_65plus,pct_65plus,covariate,0.376112,0.077273,0.084223,,,0.9523,0.9151
copd,COPD,median_age,median_age,covariate,0.177747,0.025647,0.04078,,,0.9523,0.9151
stroke,Stroke,loneliness,Loneliness/Social isolation,hrsn,0.07875,0.019592,0.022996,-0.1328,0.1328,0.9445,0.9091
stroke,Stroke,foodstamp,Food stamps/SNAP,hrsn,0.189612,0.065895,0.102214,0.5395,0.5395,0.9445,0.9091
stroke,Stroke,foodinsecu,Food insecurity,hrsn,0.170251,0.077382,0.080421,0.6595,0.6595,0.9445,0.9091
stroke,Stroke,housinsecu,Housing insecurity,hrsn,0.019747,0.010312,0.028462,0.5357,0.5357,0.9445,0.9091
stroke,Stroke,shututility,Utility shutoff threat,hrsn,0.227392,0.116201,0.149425,0.6169,0.6169,0.9445,0.9091
stroke,Stroke,lacktrpt,Transportation barriers,hrsn,0.087382,0.027205,0.058643,0.5446,0.5446,0.9445,0.9091
stroke,Stroke,emotionspt,Lack of social support,hrsn,0.032631,0.006204,0.013334,0.0191,0.0191,0.9445,0.9091
stroke,Stroke,pct_black,pct_black,covariate,0.060991,0.018061,0.060543,,,0.9445,0.9091
stroke,Stroke,pct_hispanic,pct_hispanic,covariate,0.098696,0.04135,0.045577,,,0.9445,0.9091
stroke,Stroke,pct_poverty,pct_poverty,covariate,0.078439,0.014236,0.057105,,,0.9445,0.9091
stroke,Stroke,pct_college,pct_college,covariate,0.25463,0.117373,0.1629,,,0.9445,0.9091
stroke,Stroke,pct_65plus,pct_65plus,covariate,0.283231,0.17733,0.14258,,,0.9445,0.9091
stroke,Stroke,median_age,median_age,covariate,0.128402,0.056105,0.0758,,,0.9445,0.9091
